Workbook
Name \0: #REF!
Name \a: #REF!
Name \b: #REF!
Name \c: #REF!
Name \d: #REF!
Name \e: #REF!
Name \f: #REF!
Name \g: #REF!
Name \h: #REF!
Name \i: #REF!
Name \j: #REF!
Name \k: #REF!
Name \l: #REF!
Name \n: #REF!
Name \p: #REF!
Name \s: #REF!
Name \t: #REF!
Name \v: #REF!
Name \w: #REF!
Name \x: #REF!
Name \z: #REF!
Name ____________D65590: #REF!
Name ___________D65590: #REF!
Name __________D65590: #REF!
Name _________C65550: #REF!
Name _________C65590: #REF!
Name _________C65690: #REF!
Name _________C68800: #REF!
Name _________C69000: #REF!
Name _________C75500: #REF!
Name _________C80500: #REF!
Name _________D65590: #REF!
Name ________C65550: #REF!
Name ________C65590: #REF!
Name ________C65690: #REF!
Name ________C68800: #REF!
Name ________C69000: #REF!
Name ________C75500: #REF!
Name ________C80500: #REF!
Name ________D65590: #REF!
Name ________NHR1: #REF!
Name ________obj05: #REF!
Name ________rm1: #REF!
Name _______C65550: #REF!
Name _______C65590: #REF!
Name _______C65690: #REF!
Name _______C68800: #REF!
Name _______C69000: #REF!
Name _______C75500: #REF!
Name _______C80500: #REF!
Name _______D65590: #REF!
Name _______NHR1: #REF!
Name _______obj05: #REF!
Name _______OBJ2005: #REF!
Name _______rm1: #REF!
Name ______C65550: #REF!
Name ______C65590: #REF!
Name ______C65690: #REF!
Name ______C68800: #REF!
Name ______C69000: #REF!

Sheet EF TGO AR4
B2: ชื่อ | C2: Units | D2: EMISSION FACTORS | H2: แหล่งอ้างอิงข้อมูล | J2: GWP100
D3: CO2 | E3: CH4 | F3: N2O | G3: Total | J3: ที่มา | K3: IPCC, AR4 | L3: IPCC, AR5
D4: [kg CO2/unit] | E4: [kg CH4/unit] | F4: [kg N2O/unit] | G4: [kg CO2eq/unit] | J4: CO2 | K4: 1 | L4: 1
A5: Stationary Combustion | J5: CH4 | K5: 25 | L5: 28
B6: Natural gas | C6: scf | D6: =D48*$G$48*10^-6 -> 0.057222 | E6: =E48*$G$48*10^-6 -> 1.02e-06 | F6: =F48*$G$48*10^-6 -> 1.02e-07 | G6: =D6+(E6*$K$5)+(F6*$K$6) -> 0.057277896 | H6: IPCC Vol.2 table 2.2, DEDE | J6: N2O | K6: 298 | L6: 265
B7: Natural gas | C7: MJ | D7: =D48/1000000 -> 0.0561 | E7: =E48/1000000 -> 1e-06 | F7: =F48/1000000 -> 1e-07 | G7: =D7+(E7*$K$5)+(F7*$K$6) -> 0.0561548 | H7: IPCC Vol.2 table 2.2, DEDE | J7: SF6 | K7: 22800 | L7: 23500
B8: Lignite | C8: kg | D8: =D49*$G$49*10^-6 -> 1.05747 | E8: =E49*$G$49*10^-6 -> 1.047e-05 | F8: =F49*$G$49*10^-6 -> 1.5705e-05 | G8: =D8+(E8*$K$5)+(F8*$K$6) -> 1.0624118 | H8: IPCC Vol.2 table 2.2, DEDE | J8: NF3 | K8: 17200 | L8: 16100
B9: Fuel oil A | C9: litre | D9: =D50*$G$50*10^-6 -> 3.2096984 | E9: =E50*$G$50*10^-6 -> 0.00012440692 | F9: =F50*$G$50*10^-6 -> 2.4881383e-05 | G9: =D9+(E9*$K$5)+(F9*$K$6) -> 3.2202233 | H9: IPCC Vol.2 table 2.2, PTT | J9: PASS: 12345678
B10: Fuel oil C | C10: litre | D10: =D51*$G$51*10^-6 -> 3.2353401 | E10: =E51*$G$51*10^-6 -> 0.00012540078 | F10: =F51*$G$51*10^-6 -> 2.5080156e-05 | G10: =D10+(E10*$K$5)+(F10*$K$6) -> 3.245949 | H10: IPCC Vol.2 table 2.2, PTT
B11: Gas/Diesel oil | C11: litre | D11: =D52*$G$52*10^-6 -> 2.698722 | E11: =E52*$G$52*10^-6 -> 0.00010926 | F11: =F52*$G$52*10^-6 -> 2.1852e-05 | G11: =D11+(E11*$K$5)+(F11*$K$6) -> 2.7079654 | H11: IPCC Vol.2 table 2.2, DEDE
B12: Anthracite | C12: kg | D12: =D53*$G$53*10^-6 -> 3.08662 | E12: =E53*$G$53*10^-6 -> 3.14e-05 | F12: =F53*$G$53*10^-6 -> 4.71e-05 | G12: =D12+(E12*$K$5)+(F12*$K$6) -> 3.1014408 | H12: IPCC Vol.2 table 2.2, DEDE
B13: Sub-bituminous coal | C13: kg | D13: =D54*$G$54*10^-6 -> 2.534157 | E13: =E54*$G$54*10^-6 -> 2.637e-05 | F13: =F54*$G$54*10^-6 -> 3.9555e-05 | G13: =D13+(E13*$K$5)+(F13*$K$6) -> 2.5466036 | H13: IPCC Vol.2 table 2.2, DEDE
B14: Jet Kerosene | C14: litre | D14: =D55*$G$55*10^-6 -> 2.468895 | E14: =E55*$G$55*10^-6 -> 0.00010359 | F14: =F55*$G$55*10^-6 -> 2.0718e-05 | G14: =D14+(E14*$K$5)+(F14*$K$6) -> 2.4776587 | H14: IPCC Vol.2 table 2.2, DEDE
B15: LPG | C15: litre | D15: =D56*$G$56*10^-6 -> 1.679722 | E15: =E56*$G$56*10^-6 -> 2.662e-05 | F15: =F56*$G$56*10^-6 -> 2.662e-06 | G15: =D15+(E15*$K$5)+(F15*$K$6) -> 1.6811808 | H15: IPCC Vol.2 table 2.2, DEDE
B16: LPG | C16: kg | D16: =D15/0.54 -> 3.1105963 | E16: =E15/0.54 -> 4.9296296e-05 | F16: =F15/0.54 -> 4.9296296e-06 | G16: =D16+(E16*$K$5)+(F16*$K$6) -> 3.1132977 | H16: IPCC Vol.2 table 2.2, DEDE LPG 1 litre = 0.54 kg
B17: Motor gasoline | C17: litre | D17: =D57*$G$57*10^-6 -> 2.181564 | E17: =E57*$G$57*10^-6 -> 9.444e-05 | F17: =F57*$G$57*10^-6 -> 1.8888e-05 | G17: =D17+(E17*$K$5)+(F17*$K$6) -> 2.1895536 | H17: IPCC Vol.2 table 2.2, DEDE
A19: Mobile Combustion (On road)
B20: Motor Gasoline - uncontrolled | C20: litre | D20: =D63*$G$63*10^-6 -> 2.181564 | E20: =E63*$G$63*10^-6 -> 0.00103884 | F20: =F63*$G$63*10^-6 -> 0.000100736 | G20: =D20+(E20*$K$5)+(F20*$K$6) -> 2.2375543 | H20: IPCC Vol.2 table 3.2.1, 3.2.2, DEDE
B21: Motor Gasoline - oxydation catalyst | C21: litre | D21: =D64*$G$64*10^-6 -> 2.181564 | E21: =E64*$G$64*10^-6 -> 0.000787 | F21: =F64*$G$64*10^-6 -> 0.00025184 | G21: =D21+(E21*$K$5)+(F21*$K$6) -> 2.2762873 | H21: IPCC Vol.2 table 3.2.1, 3.2.2, DEDE
B22: Motor Gasoline - low mileage light duty vihicle vintage 1995 or later | C22: litre | D22: =D65*$G$65*10^-6 -> 2.181564 | E22: =E65*$G$65*10^-6 -> 0.000119624 | F22: =F65*$G$65*10^-6 -> 0.000179436 | G22: =D22+(E22*$K$5)+(F22*$K$6) -> 2.2380265 | H22: IPCC Vol.2 table 3.2.1, 3.2.2, DEDE
B23: Gas/ Diesel Oil | C23: litre | D23: =D66*$G$66*10^-6 -> 2.698722 | E23: =E66*$G$66*10^-6 -> 0.000142038 | F23: =F66*$G$66*10^-6 -> 0.000142038 | G23: =D23+(E23*$K$5)+(F23*$K$6) -> 2.7446003 | H23: IPCC Vol.2 table 3.2.1, 3.2.2, DEDE
B24: Compressed Natural Gas | C24: kg | D24: =D67*$G$67*10^-6 -> 2.12619 | E24: =E67*$G$67*10^-6 -> 0.0034868 | F24: =F67*$G$67*10^-6 -> 0.0001137 | G24: =D24+(E24*$K$5)+(F24*$K$6) -> 2.2472426 | H24: IPCC Vol.2 table 3.2.1, 3.2.2, PTT
B25: Liquified Petroleum Gas | C25: litre | D25: =D68*$G$68*10^-6 -> 1.679722 | E25: =E68*$G$68*10^-6 -> 0.00165044 | F25: =F68*$G$68*10^-6 -> 5.324e-06 | G25: =D25+(E25*$K$5)+(F25*$K$6) -> 1.7225696 | H25: IPCC Vol.2 table 3.2.1, 3.2.2, DEDE
B26: Liquified Petroleum Gas | C26: kg | D26: =D25/0.54 -> 3.1105963 | E26: =E25/0.54 -> 0.0030563704 | F26: =F25/0.54 -> 9.8592593e-06 | G26: =D26+(E26*$K$5)+(F26*$K$6) -> 3.1899436 | H26: IPCC Vol.2 table 3.2.1, 3.2.2, DEDE LPG 1 litre = 0.54 kg
A27: Mobile Combustion (Off road)
B28: Diesel
B29: - Agriculture | C29: litre | D29: =D75*$G$75/(10^6) -> 2.698722 | E29: =E75*$G$75/(10^6) -> 0.000151143 | F29: =F75*$G$75/(10^6) -> 0.001041612 | G29: =D29+(E29*$K$5)+(F29*$K$6) -> 3.012901 | H29: IPCC Vol.2 table 3.3.1, DEDE
B30: - Forestry | C30: litre | D30: =D76*$G$76/(10^6) -> 2.698722 | E30: =E76*$G$76/(10^6) -> 0.000151143 | F30: =F76*$G$76/(10^6) -> 0.001041612 | G30: =D30+(E30*$K$5)+(F30*$K$6) -> 3.012901 | H30: IPCC Vol.2 table 3.3.1, DEDE
B31: - Industry | C31: litre | D31: =D77*$G$77/(10^6) -> 2.698722 | E31: =E77*$G$77/(10^6) -> 0.000151143 | F31: =F77*$G$77/(10^6) -> 0.001041612 | G31: =D31+(E31*$K$5)+(F31*$K$6) -> 3.012901 | H31: IPCC Vol.2 table 3.3.1, DEDE
B32: - Household | C32: litre | D32: =D78*$G$78/(10^6) -> 2.698722 | E32: =E78*$G$78/(10^6) -> 0.000151143 | F32: =F78*$G$78/(10^6) -> 0.001041612 | G32: =D32+(E32*$K$5)+(F32*$K$6) -> 3.012901 | H32: IPCC Vol.2 table 3.3.1, DEDE
B33: Motor Gasoline - 4 stroke
B34: - Agriculture | C34: litre | D34: =D80*$G$80/(10^6) -> 2.181564 | E34: =E80*$G$80/(10^6) -> 0.0025184 | F34: =F80*$G$80/(10^6) -> 6.296e-05 | G34: =D34+(E34*$K$5)+(F34*$K$6) -> 2.2632861 | H34: IPCC Vol.2 table 3.3.1, DEDE
B35: - Forestry | C35: litre | D35: =D81*$G$81/(10^6) -> 2.181564 | E35: =E81*$G$81/(10^6) -> 0 | F35: =F81*$G$81/(10^6) -> 0 | G35: =D35+(E35*$K$5)+(F35*$K$6) -> 2.181564 | H35: IPCC Vol.2 table 3.3.1, DEDE
B36: - Industry | C36: litre | D36: =D82*$G$82/(10^6) -> 2.181564 | E36: =E82*$G$82/(10^6) -> 0.001574 | F36: =F82*$G$82/(10^6) -> 6.296e-05 | G36: =D36+(E36*$K$5)+(F36*$K$6) -> 2.2396761 | H36: IPCC Vol.2 table 3.3.1, DEDE
B37: - Household | C37: litre | D37: =D83*$G$83/(10^6) -> 2.181564 | E37: =E83*$G$83/(10^6) -> 0.0037776 | F37: =F83*$G$83/(10^6) -> 6.296e-05 | G37: =D37+(E37*$K$5)+(F37*$K$6) -> 2.2947661 | H37: IPCC Vol.2 table 3.3.1, DEDE
B38: Motor Gasoline - 2 stroke
B39: - Agriculture | C39: litre | D39: =D85*$G$85/(10^6) -> 2.181564 | E39: =E85*$G$85/(10^6) -> 0.0044072 | F39: =F85*$G$85/(10^6) -> 1.2592e-05 | G39: =D39+(E39*$K$5)+(F39*$K$6) -> 2.2954964 | H39: IPCC Vol.2 table 3.3.1, DEDE
B40: - Forestry | C40: litre | D40: =D86*$G$86/(10^6) -> 2.181564 | E40: =E86*$G$86/(10^6) -> 0.0053516 | F40: =F86*$G$86/(10^6) -> 1.2592e-05 | G40: =D40+(E40*$K$5)+(F40*$K$6) -> 2.3191064 | H40: IPCC Vol.2 table 3.3.1, DEDE
B41: - Industry | C41: litre | D41: =D87*$G$87/(10^6) -> 2.181564 | E41: =E87*$G$87/(10^6) -> 0.0040924 | F41: =F87*$G$87/(10^6) -> 1.2592e-05 | G41: =D41+(E41*$K$5)+(F41*$K$6) -> 2.2876264 | H41: IPCC Vol.2 table 3.3.1, DEDE
B42: - Household | C42: litre | D42: =D88*$G$88/(10^6) -> 2.181564 | E42: =E88*$G$88/(10^6) -> 0.0056664 | F42: =F88*$G$88/(10^6) -> 1.2592e-05 | G42: =D42+(E42*$K$5)+(F42*$K$6) -> 2.3269764 | H42: IPCC Vol.2 table 3.3.1, DEDE
A44: Stationary Combustion
E45: IPCC | G45: DEDE
D46: [kg/TJ] | G46: [MJ/unit]
C47: unit | D47: CO2 | E47: CH4 | F47: N2O | G47: NCV
B48: Natural gas | C48: scf | D48: 56100 | E48: 1 | F48: 0.1 | G48: 1.02 | H48: dry basis
B49: Lignite | C49: kg | D49: 101000 | E49: 1 | F49: 1.5 | G49: 10.47
B50: Fuel oil A | C50: litre | D50: 77400 | E50: 3 | F50: 0.6 | G50: 41.468972 | H50: *ref. from PTT
B51: Fuel oil C | C51: litre | D51: 77400 | E51: 3 | F51: 0.6 | G51: 41.80026 | H51: *ref. from PTT
B52: Gas/Diesel oil | C52: litre | D52: 74100 | E52: 3 | F52: 0.6 | G52: 36.42
B53: Anthracite | C53: kg | D53: 98300 | E53: 1 | F53: 1.5 | G53: 31.4
B54: Sub-bituminous coal | C54: kg | D54: 96100 | E54: 1 | F54: 1.5 | G54: 26.37
B55: Jet Kerosene | C55: litre | D55: 71500 | E55: 3 | F55: 0.6 | G55: 34.53
B56: LPG | C56: litre | D56: 63100 | E56: 1 | F56: 0.1 | G56: 26.62
B57: Motor gasoline | C57: litre | D57: 69300 | E57: 3 | F57: 0.6 | G57: =G63 -> 31.48
A59: Mobile Combustion (On road)
D60: IPCC | G60: DEDE
D61: [kg/TJ] | G61: [MJ/unit]
C62: unit | D62: CO2 | E62: CH4 | F62: N2O | G62: NCV
B63: Motor Gasoline - uncontrolled | C63: litre | D63: 69300 | E63: 33 | F63: 3.2 | G63: 31.48 | H63: gasoline
B64: Motor Gasoline -oxydation catalyst | C64: litre | D64: 69300 | E64: 25 | F64: 8 | G64: 31.48
B65: Motor Gasoline - low mileage light duty vihicle vintage 1995 or later | C65: litre | D65: 69300 | E65: 3.8 | F65: 5.7 | G65: 31.48
B66: Gas/ Diesel Oil | C66: litre | D66: 74100 | E66: 3.9 | F66: 3.9 | G66: =G52 -> 36.42
B67: Compressed Natural Gas | C67: kg | D67: 56100 | E67: 92 | F67: 3 | G67: 37.9 | H67: *ref. from PTT
B68: Liquified Petroleum Gas | C68: litre | D68: 63100 | E68: 62 | F68: 0.2 | G68: =G56 -> 26.62
A70: Mobile Combustion (Off road)
D71: IPCC | G71: DEDE
D72: [kg/TJ] | G72: [MJ/unit]
C73: unit | D73: CO2 | E73: CH4 | F73: N2O | G73: NCV
B74: Diesel
B75: - Agriculture | C75: litre | D75: 74100 | E75: 4.15 | F75: 28.6 | G75: 36.42
B76: - Forestry | C76: litre | D76: 74100 | E76: 4.15 | F76: 28.6 | G76: 36.42
B77: - Industry | C77: litre | D77: 74100 | E77: 4.15 | F77: 28.6 | G77: 36.42
B78: - Household | C78: litre | D78: 74100 | E78: 4.15 | F78: 28.6 | G78: 36.42
B79: Motor Gasoline - 4 stroke
B80: - Agriculture | C80: litre | D80: 69300 | E80: 80 | F80: 2 | G80: 31.48
B81: - Forestry | C81: litre | D81: 69300 | G81: 31.48
B82: - Industry | C82: litre | D82: 69300 | E82: 50 | F82: 2 | G82: 31.48
B83: - Household | C83: litre | D83: 69300 | E83: 120 | F83: 2 | G83: 31.48
B84: Motor Gasoline - 2 stroke
B85: - Agriculture | C85: litre | D85: 69300 | E85: 140 | F85: 0.4 | G85: 31.48
B86: - Forestry | C86: litre | D86: 69300 | E86: 170 | F86: 0.4 | G86: 31.48
B87: - Industry | C87: litre | D87: 69300 | E87: 130 | F87: 0.4 | G87: 31.48
B88: - Household | C88: litre | D88: 69300 | E88: 180 | F88: 0.4 | G88: 31.48

Sheet Excel sheet-Head Office
B1: บัญชีรายการก๊าซเรือนกระจก | AO1: TCFO_R_01 Version 04 : 21/2/2020
B3: ชื่อฟอร์ม | C3: บัญชีรายการก๊าซเรือนกระจก | H3: องค์กร | AB3: ปีที่เก็บข้อมูล | AO3: หน้าที่ | AR3: 4
B4: รหัสฟอร์ม | C4: Fr-04.1 | H4: ผู้จัดทำ | AO4: วันที่
A6: ขอบเขต | B6: รายการ | C6: ค่า LCI | E6: GHG ที่ต้องรายงานตามข้อกำหนด | O6: GHG ที่อยู่นอกข้อกำหนด | Q6: Total (kgCO2e/หน่วย) | R6: ที่มา | Y6: Subsitute | Z6: แหล่งอ้างอิง | AA6: ผลคูณ (Ton GHG) | AG6: ผลคูณ (TonCO2e) | AO6: Total GHG | AP6: สัดส่วน (%) | AQ6: สัดส่วน (%) (SCOPE 1+2) | AR6: สัดส่วน (%) (SCOPE 1+2+3) | AS6: คำอธิบายเพิ่มเติม | AU6: GWP100
R7: 1st | T7: 2nd | X7: Other | AU7: ที่มา | AV7: IPCC, AR5
E8: ค่า EF (kg GHG/หน่วย) | M8: GWP100 | O8: ค่า EF (kg GHG/หน่วย) | P8: GWP100 | R8: Self collct | S8: Supplier | T8: TH LCI DB | U8: TGO EF | V8: Thai Res. | W8: Int. DB | AO8: (TonCO2e) | AU8: CO2 | AV8: 1
C9: หน่วย | D9: ปริมาณ | E9: CO2 | F9: Fossil CH4 | G9: CH4 | H9: N2O | I9: SF6 | J9: NF3 | K9: HFCs | L9: PFCs | M9: HFCs | N9: PFCs | AA9: CO2 | AB9: Fossil CH4 | AC9: CH4 | AD9: N2O | AE9: SF6 | AF9: NF3 | AG9: Fossil CH4 | AH9: CH4 | AI9: N2O | AJ9: SF6 | AK9: NF3 | AL9: HFCs | AM9: PFCs | AN9: Other | AU9: Fossil CH4 | AV9: 30
A10: ขอบเขต 1 | B10: 1.การปล่อยก๊าซเรือนกระจกที่เกิดขึ้นจากการเผาไหม้อยู่กับที่ (Stationary Combustion) | AA10: =D10*E10/1000 -> 0 | AB10: =D10*F10/1000 -> 0 | AC10: =D10*G10/1000 -> 0 | AD10: =D10*H10/1000 -> 0 | AE10: =D10*I10/1000 -> 0 | AF10: =D10*J10/1000 -> 0 | AG10: =D10*F10*$AV$9/1000 -> 0 | AH10: =D10*G10*$AV$10/1000 -> 0 | AI10: =D10*H10*$AV$11/1000 -> 0 | AJ10: =D10*I10*$AV$12/1000 -> 0 | AK10: =D10*J10*$AV$13/1000 -> 0 | AL10: =D10*K10*M10/1000 -> 0 | AM10: =D10*L10*N10/1000 -> 0 | AO10: =D10*Q10/1000 -> 0 | AP10: =AO10/$AO$29 -> #REF! | AQ10: =AO10/$AO$95 -> #REF! | AR10: =AP10/$AO$96 -> #REF! | AU10: CH4 | AV10: 28
B11: n/a | AA11: =D11*E11/1000 -> 0 | AB11: =D11*F11/1000 -> 0 | AC11: =D11*G11/1000 -> 0 | AD11: =D11*H11/1000 -> 0 | AE11: =D11*I11/1000 -> 0 | AF11: =D11*J11/1000 -> 0 | AG11: =D11*F11*$AV$9/1000 -> 0 | AH11: =D11*G11*$AV$10/1000 -> 0 | AI11: =D11*H11*$AV$11/1000 -> 0 | AJ11: =D11*I11*$AV$12/1000 -> 0 | AK11: =D11*J11*$AV$13/1000 -> 0 | AL11: =D11*K11*M11/1000 -> 0 | AM11: =D11*L11*N11/1000 -> 0 | AO11: =D11*Q11/1000 -> 0 | AP11: =AO11/$AO$29 -> #REF! | AQ11: =AO11/$AO$95 -> #REF! | AR11: =AO11/$AO$96 -> #REF! | AU11: N2O | AV11: 265
B12: 2.การปล่อยก๊าซเรือนกระจกที่เกิดขึ้นจากการเผาไหม้แบบเคลื่อนที่ (Mobile Combustion) | AA12: =D12*E12/1000 -> 0 | AB12: =D12*F12/1000 -> 0 | AC12: =D12*G12/1000 -> 0 | AD12: =D12*H12/1000 -> 0 | AE12: =D12*I12/1000 -> 0 | AF12: =D12*J12/1000 -> 0 | AG12: =D12*F12*$AV$9/1000 -> 0 | AH12: =D12*G12*$AV$10/1000 -> 0 | AI12: =D12*H12*$AV$11/1000 -> 0 | AJ12: =D12*I12*$AV$12/1000 -> 0 | AK12: =D12*J12*$AV$13/1000 -> 0 | AL12: =D12*K12*M12/1000 -> 0 | AM12: =D12*L12*N12/1000 -> 0 | AO12: =D12*Q12/1000 -> 0 | AP12: =AO12/$AO$29 -> #REF! | AQ12: =AO12/$AO$95 -> #REF! | AR12: =AO12/$AO$96 -> #REF!
B13: ='Activity data -Head Office'!A10 -> Diesel B7 รถ forklift | C13: ='Activity data -Head Office'!E10 -> Litre | D13: ='Activity data -Head Office'!F10 -> 627.63 | E13: =#REF! -> #REF! | F13: =#REF! -> #REF! | G13: =#REF! -> #REF! | H13: =#REF! -> #REF! | I13: 0 | J13: 0 | K13: 0 | L13: 0 | M13: 0 | N13: 0 | Q13: =(E13*$AV$8)+(F13*$AV$9)+(G13*$AV$10)+(H13*$AV$11)+(I13*$AV$12)+(J13*$AV$13)+(K13*M13)+(L13*N13) -> #REF! | U13: x | Z13: EF_CFO_Diesel-Industry [Moblie combustion] | AA13: =D13*E13/1000 -> #REF! | AB13: =D13*F13/1000 -> #REF! | AC13: =D13*G13/1000 -> #REF! | AD13: =D13*H13/1000 -> #REF! | AE13: =D13*I13/1000 -> 0 | AF13: =D13*J13/1000 -> 0 | AG13: =D13*F13*$AV$9/1000 -> #REF! | AH13: =D13*G13*$AV$10/1000 -> #REF! | AI13: =D13*H13*$AV$11/1000 -> #REF! | AJ13: =D13*I13*$AV$12/1000 -> 0 | AK13: =D13*J13*$AV$13/1000 -> 0 | AL13: =D13*K13*M13/1000 -> 0 | AM13: =D13*L13*N13/1000 -> 0 | AO13: =D13*Q13/1000 -> #REF! | AP13: =AO13/$AO$29 -> #REF! | AQ13: =AO13/$AO$95 -> #REF! | AR13: =AO13/$AO$96 -> #REF!
B14: ='Activity data -Head Office'!A11 -> Diesel B7 รถบรรทุก 6 ล้อ (บท9680, 83-9095) | C14: ='Activity data -Head Office'!E11 -> Litre | D14: ='Activity data -Head Office'!F11 -> 8786.38 | E14: =#REF! -> #REF! | F14: =#REF! -> #REF! | G14: =#REF! -> #REF! | H14: =#REF! -> #REF! | I14: 0 | J14: 0 | K14: 0 | L14: 0 | M14: 0 | N14: 0 | Q14: =(E14*$AV$8)+(F14*$AV$9)+(G14*$AV$10)+(H14*$AV$11)+(I14*$AV$12)+(J14*$AV$13)+(K14*M14)+(L14*N14) -> #REF! | U14: x | Z14: EF_CFO_Diesel-Industry [Moblie combustion] | AA14: =D14*E14/1000 -> #REF! | AB14: =D14*F14/1000 -> #REF! | AC14: =D14*G14/1000 -> #REF! | AD14: =D14*H14/1000 -> #REF! | AE14: =D14*I14/1000 -> 0 | AF14: =D14*J14/1000 -> 0 | AG14: =D14*F14*$AV$9/1000 -> #REF! | AH14: =D14*G14*$AV$10/1000 -> #REF! | AI14: =D14*H14*$AV$11/1000 -> #REF! | AJ14: =D14*I14*$AV$12/1000 -> 0 | AK14: =D14*J14*$AV$13/1000 -> 0 | AL14: =D14*K14*M14/1000 -> 0 | AM14: =D14*L14*N14/1000 -> 0 | AO14: =D14*Q14/1000 -> #REF! | AP14: =AO14/$AO$29 -> #REF! | AQ14: =AO14/$AO$95 -> #REF! | AR14: =AO14/$AO$96 -> #REF!
B15: ='Activity data -Head Office'!A12 -> Diesel B7 รถกระบะส่วนบุคคลขนาด 1 ตัน ของบริษัท (1กร 3494) | C15: ='Activity data -Head Office'!E12 -> Litre | D15: ='Activity data -Head Office'!F12 -> 2991.31 | E15: =#REF! -> #REF! | F15: =#REF! -> #REF! | G15: =#REF! -> #REF! | H15: =#REF! -> #REF! | I15: 0 | J15: 0 | K15: 0 | L15: 0 | M15: 0 | N15: 0 | Q15: =(E15*$AV$8)+(F15*$AV$9)+(G15*$AV$10)+(H15*$AV$11)+(I15*$AV$12)+(J15*$AV$13)+(K15*M15)+(L15*N15) -> #REF! | U15: x | Z15: EF_CFO_Diesel [Moblie combustion] | AA15: =D15*E15/1000 -> #REF! | AB15: =D15*F15/1000 -> #REF! | AC15: =D15*G15/1000 -> #REF! | AD15: =D15*H15/1000 -> #REF! | AE15: =D15*I15/1000 -> 0 | AF15: =D15*J15/1000 -> 0 | AG15: =D15*F15*$AV$9/1000 -> #REF! | AH15: =D15*G15*$AV$10/1000 -> #REF! | AI15: =D15*H15*$AV$11/1000 -> #REF! | AJ15: =D15*I15*$AV$12/1000 -> 0 | AK15: =D15*J15*$AV$13/1000 -> 0 | AL15: =D15*K15*M15/1000 -> 0 | AM15: =D15*L15*N15/1000 -> 0 | AO15: =D15*Q15/1000 -> #REF! | AP15: =AO15/$AO$29 -> #REF! | AQ15: =AO15/$AO$95 -> #REF! | AR15: =AO15/$AO$96 -> #REF!
B16: ='Activity data -Head Office'!A13 -> Diesel B7/พรีเมียม รถยนต์ขนาดใหญ่ 2000 cc (4ขอ 1948, 6กญ 2678, ญร4569, ภฮ9789) | C16: ='Activity data -Head Office'!E13 -> Litre | D16: ='Activity data -Head Office'!F13 -> 2881.42 | E16: =#REF! -> #REF! | F16: =#REF! -> #REF! | G16: =#REF! -> #REF! | H16: =#REF! -> #REF! | I16: 0 | J16: 0 | K16: 0 | L16: 0 | M16: 0 | N16: 0 | Q16: =(E16*$AV$8)+(F16*$AV$9)+(G16*$AV$10)+(H16*$AV$11)+(I16*$AV$12)+(J16*$AV$13)+(K16*M16)+(L16*N16) -> #REF! | U16: x | Z16: EF_CFO_Diesel [Moblie combustion] | AA16: =D16*E16/1000 -> #REF! | AB16: =D16*F16/1000 -> #REF! | AC16: =D16*G16/1000 -> #REF! | AD16: =D16*H16/1000 -> #REF! | AE16: =D16*I16/1000 -> 0 | AF16: =D16*J16/1000 -> 0 | AG16: =D16*F16*$AV$9/1000 -> #REF! | AH16: =D16*G16*$AV$10/1000 -> #REF! | AI16: =D16*H16*$AV$11/1000 -> #REF! | AJ16: =D16*I16*$AV$12/1000 -> 0 | AK16: =D16*J16*$AV$13/1000 -> 0 | AL16: =D16*K16*M16/1000 -> 0 | AM16: =D16*L16*N16/1000 -> 0 | AO16: =D16*Q16/1000 -> #REF! | AP16: =AO16/$AO$29 -> #REF! | AQ16: =AO16/$AO$95 -> #REF! | AR16: =AO16/$AO$96 -> #REF!
B17: ='Activity data -Head Office'!A14 -> Gasohol 95 รถยนต์ขนาดใหญ่ ขนาด 2000cc ของบริษัท (1ขญ 1643, 2ขญ 1643, 34DUMMY, 4กฎ 2234, 4ขต 9545) | C17: ='Activity data -Head Office'!E14 -> Litre | D17: ='Activity data -Head Office'!F14 -> 4724.45 | E17: =#REF! -> #REF! | F17: =#REF! -> #REF! | G17: =#REF! -> #REF! | H17: =#REF! -> #REF! | I17: 0 | J17: 0 | K17: 0 | L17: 0 | M17: 0 | N17: 0 | Q17: =(E17*$AV$8)+(F17*$AV$9)+(G17*$AV$10)+(H17*$AV$11)+(I17*$AV$12)+(J17*$AV$13)+(K17*M17)+(L17*N17) -> #REF! | U17: x | Z17: EF_CFO_Gasoline [Moblie combustion] | AA17: =D17*E17/1000 -> #REF! | AB17: =D17*F17/1000 -> #REF! | AC17: =D17*G17/1000 -> #REF! | AD17: =D17*H17/1000 -> #REF! | AE17: =D17*I17/1000 -> 0 | AF17: =D17*J17/1000 -> 0 | AG17: =D17*F17*$AV$9/1000 -> #REF! | AH17: =D17*G17*$AV$10/1000 -> #REF! | AI17: =D17*H17*$AV$11/1000 -> #REF! | AJ17: =D17*I17*$AV$12/1000 -> 0 | AK17: =D17*J17*$AV$13/1000 -> 0 | AL17: =D17*K17*M17/1000 -> 0 | AM17: =D17*L17*N17/1000 -> 0 | AO17: =D17*Q17/1000 -> #REF! | AP17: =AO17/$AO$29 -> #REF! | AQ17: =AO17/$AO$95 -> #REF! | AR17: =AO17/$AO$96 -> #REF!
B18: ='Activity data -Head Office'!A15 -> Gasohol 95 รถตู้ของบริษัท (2ขล 9545, ฎค9779, ฎพ9779, ฮฐ6328) | C18: ='Activity data -Head Office'!E15 -> Litre | D18: ='Activity data -Head Office'!F15 -> 7559.43 | E18: =#REF! -> #REF! | F18: =#REF! -> #REF! | G18: =#REF! -> #REF! | H18: =#REF! -> #REF! | I18: 0 | J18: 0 | K18: 0 | L18: 0 | M18: 0 | N18: 0 | Q18: =(E18*$AV$8)+(F18*$AV$9)+(G18*$AV$10)+(H18*$AV$11)+(I18*$AV$12)+(J18*$AV$13)+(K18*M18)+(L18*N18) -> #REF! | U18: x | Z18: EF_CFO_Gasoline [Moblie combustion] | AA18: =D18*E18/1000 -> #REF! | AB18: =D18*F18/1000 -> #REF! | AC18: =D18*G18/1000 -> #REF! | AD18: =D18*H18/1000 -> #REF! | AE18: =D18*I18/1000 -> 0 | AF18: =D18*J18/1000 -> 0 | AG18: =D18*F18*$AV$9/1000 -> #REF! | AH18: =D18*G18*$AV$10/1000 -> #REF! | AI18: =D18*H18*$AV$11/1000 -> #REF! | AJ18: =D18*I18*$AV$12/1000 -> 0 | AK18: =D18*J18*$AV$13/1000 -> 0 | AL18: =D18*K18*M18/1000 -> 0 | AM18: =D18*L18*N18/1000 -> 0 | AO18: =D18*Q18/1000 -> #REF! | AP18: =AO18/$AO$29 -> #REF! | AQ18: =AO18/$AO$95 -> #REF! | AR18: =AO18/$AO$96 -> #REF!
B19: 3.การปล่อยก๊าซเรือนกระจกที่เกิดขึ้นจากกระบวนการผลิต (Industrtial process) | AA19: =D19*E19/1000 -> 0 | AB19: =D19*F19/1000 -> 0 | AC19: =D19*G19/1000 -> 0 | AD19: =D19*H19/1000 -> 0 | AE19: =D19*I19/1000 -> 0 | AF19: =D19*J19/1000 -> 0 | AG19: =D19*F19*$AV$9/1000 -> 0 | AH19: =D19*G19*$AV$10/1000 -> 0 | AI19: =D19*H19*$AV$11/1000 -> 0 | AJ19: =D19*I19*$AV$12/1000 -> 0 | AK19: =D19*J19*$AV$13/1000 -> 0 | AL19: =D19*K19*M19/1000 -> 0 | AM19: =D19*L19*N19/1000 -> 0 | AO19: =D19*Q19/1000 -> 0 | AP19: =AO19/$AO$29 -> #REF! | AQ19: =AO19/$AO$95 -> #REF! | AR19: =AO19/$AO$96 -> #REF!
B20: n/a | AA20: =D20*E20/1000 -> 0 | AB20: =D20*F20/1000 -> 0 | AC20: =D20*G20/1000 -> 0 | AD20: =D20*H20/1000 -> 0 | AE20: =D20*I20/1000 -> 0 | AF20: =D20*J20/1000 -> 0 | AG20: =D20*F20*$AV$9/1000 -> 0 | AH20: =D20*G20*$AV$10/1000 -> 0 | AI20: =D20*H20*$AV$11/1000 -> 0 | AJ20: =D20*I20*$AV$12/1000 -> 0 | AK20: =D20*J20*$AV$13/1000 -> 0 | AL20: =D20*K20*M20/1000 -> 0 | AM20: =D20*L20*N20/1000 -> 0 | AO20: =D20*Q20/1000 -> 0 | AP20: =AO20/$AO$29 -> #REF! | AQ20: =AO20/$AO$95 -> #REF! | AR20: =AO20/$AO$96 -> #REF!
B21: 4. การปล่อยก๊าซเรือนกระจกที่เกิดขึ้นจากการรั่วไหลและอื่นๆ (Fugitive Emission) | AA21: =D21*E21/1000 -> 0 | AB21: =D21*F21/1000 -> 0 | AC21: =D21*G21/1000 -> 0 | AD21: =D21*H21/1000 -> 0 | AE21: =D21*I21/1000 -> 0 | AF21: =D21*J21/1000 -> 0 | AG21: =D21*F21*$AV$9/1000 -> 0 | AH21: =D21*G21*$AV$10/1000 -> 0 | AI21: =D21*H21*$AV$11/1000 -> 0 | AJ21: =D21*I21*$AV$12/1000 -> 0 | AK21: =D21*J21*$AV$13/1000 -> 0 | AL21: =D21*K21*M21/1000 -> 0 | AM21: =D21*L21*N21/1000 -> 0 | AO21: =D21*Q21/1000 -> 0 | AP21: =AO21/$AO$29 -> #REF! | AQ21: =AO21/$AO$95 -> #REF! | AR21: =AO21/$AO$96 -> #REF!
B22: Refrigerant | AA22: =D22*E22/1000 -> 0 | AB22: =D22*F22/1000 -> 0 | AC22: =D22*G22/1000 -> 0 | AD22: =D22*H22/1000 -> 0 | AE22: =D22*I22/1000 -> 0 | AF22: =D22*J22/1000 -> 0 | AG22: =D22*F22*$AV$9/1000 -> 0 | AH22: =D22*G22*$AV$10/1000 -> 0 | AI22: =D22*H22*$AV$11/1000 -> 0 | AJ22: =D22*I22*$AV$12/1000 -> 0 | AK22: =D22*J22*$AV$13/1000 -> 0 | AL22: =D22*K22*M22/1000 -> 0 | AM22: =D22*L22*N22/1000 -> 0 | AO22: =D22*Q22/1000 -> 0 | AP22: =AO22/$AO$29 -> #REF! | AQ22: =AO22/$AO$95 -> #REF! | AR22: =AO22/$AO$96 -> #REF!
B23: ='Activity data -Head Office'!A20 -> HFC-32 | C23: ='Activity data -Head Office'!E20 -> kg/year | D23: ='Activity data -Head Office'!F20 -> 2.761 | E23: 0 | F23: 0 | G23: 0 | H23: 0 | I23: 0 | J23: 0 | K23: 1 | L23: 0 | M23: 677 | N23: 0 | Q23: =(E23*$AV$8)+(F23*$AV$9)+(G23*$AV$10)+(H23*$AV$11)+(I23*$AV$12)+(J23*$AV$13)+(K23*M23)+(L23*N23) -> 677 | U23: x | Z23: EF_CFO_Refrigerants | AA23: =D23*E23/1000 -> 0 | AB23: =D23*F23/1000 -> 0 | AC23: =D23*G23/1000 -> 0 | AD23: =D23*H23/1000 -> 0 | AE23: =D23*I23/1000 -> 0 | AF23: =D23*J23/1000 -> 0 | AG23: =D23*F23*$AV$9/1000 -> 0 | AH23: =D23*G23*$AV$10/1000 -> 0 | AI23: =D23*H23*$AV$11/1000 -> 0 | AJ23: =D23*I23*$AV$12/1000 -> 0 | AK23: =D23*J23*$AV$13/1000 -> 0 | AL23: =D23*K23*M23/1000 -> 1.869197 | AM23: =D23*L23*N23/1000 -> 0 | AO23: =D23*Q23/1000 -> 1.869197 | AP23: =AO23/$AO$29 -> #REF! | AQ23: =AO23/$AO$95 -> #REF! | AR23: =AO23/$AO$96 -> #REF!
B24: ='Activity data -Head Office'!A21 -> HFC-410a | C24: ='Activity data -Head Office'!E21 -> kg/year | D24: ='Activity data -Head Office'!F21 -> 0.28 | E24: 0 | F24: 0 | G24: 0 | H24: 0 | I24: 0 | J24: 0 | K24: 1 | L24: 0 | M24: 1923.5 | N24: 0 | Q24: =(E24*$AV$8)+(F24*$AV$9)+(G24*$AV$10)+(H24*$AV$11)+(I24*$AV$12)+(J24*$AV$13)+(K24*M24)+(L24*N24) -> 1923.5 | X24: x | Z24: IPCC 2013_Fifth Assesment Report (AR5)[HFC32 :50%, HFC125:50%] | AA24: =D24*E24/1000 -> 0 | AB24: =D24*F24/1000 -> 0 | AC24: =D24*G24/1000 -> 0 | AD24: =D24*H24/1000 -> 0 | AE24: =D24*I24/1000 -> 0 | AF24: =D24*J24/1000 -> 0 | AG24: =D24*F24*$AV$9/1000 -> 0 | AH24: =D24*G24*$AV$10/1000 -> 0 | AI24: =D24*H24*$AV$11/1000 -> 0 | AJ24: =D24*I24*$AV$12/1000 -> 0 | AK24: =D24*J24*$AV$13/1000 -> 0 | AL24: =D24*K24*M24/1000 -> 0.53858 | AM24: =D24*L24*N24/1000 -> 0 | AO24: =D24*Q24/1000 -> 0.53858 | AP24: =AO24/$AO$29 -> #REF! | AQ24: =AO24/$AO$95 -> #REF! | AR24: =AO24/$AO$96 -> #REF!
B25: ='Activity data -Head Office'!A23 -> สารดับเพลิงชนิด CO2 (ไม่มีการใช้งาน) | C25: ='Activity data -Head Office'!E23 -> kg/year | D25: ='Activity data -Head Office'!F23 -> 0 | E25: 1 | F25: 0 | G25: 0 | H25: 0 | I25: 0 | J25: 0 | K25: 1 | L25: 0 | M25: 0 | N25: 0 | Q25: =(E25*$AV$8)+(F25*$AV$9)+(G25*$AV$10)+(H25*$AV$11)+(I25*$AV$12)+(J25*$AV$13)+(K25*M25)+(L25*N25) -> 1 | X25: x | Z25: IPCC 2013_Fifth Assesment Report (AR5) | AA25: =D25*E25/1000 -> 0 | AB25: =D25*F25/1000 -> 0 | AC25: =D25*G25/1000 -> 0 | AD25: =D25*H25/1000 -> 0 | AE25: =D25*I25/1000 -> 0 | AF25: =D25*J25/1000 -> 0 | AG25: =D25*F25*$AV$9/1000 -> 0 | AH25: =D25*G25*$AV$10/1000 -> 0 | AI25: =D25*H25*$AV$11/1000 -> 0 | AJ25: =D25*I25*$AV$12/1000 -> 0 | AK25: =D25*J25*$AV$13/1000 -> 0 | AL25: =D25*K25*M25/1000 -> 0 | AM25: =D25*L25*N25/1000 -> 0 | AO25: =D25*Q25/1000 -> 0 | AP25: =AO25/$AO$29 -> #REF! | AQ25: =AO25/$AO$95 -> #REF! | AR25: =AO25/$AO$96 -> #REF!
B26: ='Activity data -Head Office'!A25 -> CH4 from septic tank | C26: ='Activity data -Head Office'!E25 -> kgCH4 | D26: =#REF! -> #REF! | E26: 0 | F26: 0 | G26: 1 | H26: 0 | I26: 0 | J26: 0 | K26: 0 | L26: 0 | M26: 0 | N26: 0 | Q26: =(E26*$AV$8)+(F26*$AV$9)+(G26*$AV$10)+(H26*$AV$11)+(I26*$AV$12)+(J26*$AV$13)+(K26*M26)+(L26*N26) -> 28 | X26: x | Z26: IPCC 2006_Chapter4_Biological Treatment of Solid Waste_Table 4.1 | AA26: =D26*E26/1000 -> #REF! | AB26: =D26*F26/1000 -> #REF! | AC26: =D26*G26/1000 -> #REF! | AD26: =D26*H26/1000 -> #REF! | AE26: =D26*I26/1000 -> #REF! | AF26: =D26*J26/1000 -> #REF! | AG26: =D26*F26*$AV$9/1000 -> #REF! | AH26: =D26*G26*$AV$10/1000 -> #REF! | AI26: =D26*H26*$AV$11/1000 -> #REF! | AJ26: =D26*I26*$AV$12/1000 -> #REF! | AK26: =D26*J26*$AV$13/1000 -> #REF! | AL26: =D26*K26*M26/1000 -> #REF! | AM26: =D26*L26*N26/1000 -> #REF! | AO26: =D26*Q26/1000 -> #REF! | AP26: =AO26/$AO$29 -> #REF! | AQ26: =AO26/$AO$95 -> #REF! | AR26: =AO26/$AO$96 -> #REF!
B27: 5.การปล่อยก๊าซเรือนกระจกจากป่าไม้/ชีวมวล | AA27: =D27*E27/1000 -> 0 | AB27: =D27*F27/1000 -> 0 | AC27: =D27*G27/1000 -> 0 | AD27: =D27*H27/1000 -> 0 | AE27: =D27*I27/1000 -> 0 | AF27: =D27*J27/1000 -> 0 | AG27: =D27*F27*$AV$9/1000 -> 0 | AH27: =D27*G27*$AV$10/1000 -> 0 | AI27: =D27*H27*$AV$11/1000 -> 0 | AJ27: =D27*I27*$AV$12/1000 -> 0 | AK27: =D27*J27*$AV$13/1000 -> 0 | AL27: =D27*K27*M27/1000 -> 0 | AM27: =D27*L27*N27/1000 -> 0 | AO27: =D27*Q27/1000 -> 0 | AP27: =AO27/$AO$29 -> #REF! | AQ27: =AO27/$AO$95 -> #REF! | AR27: =AO27/$AO$96 -> #REF!
B28: n/a | AA28: =D28*E28/1000 -> 0 | AB28: =D28*F28/1000 -> 0 | AC28: =D28*G28/1000 -> 0 | AD28: =D28*H28/1000 -> 0 | AE28: =D28*I28/1000 -> 0 | AF28: =D28*J28/1000 -> 0 | AG28: =D28*F28*$AV$9/1000 -> 0 | AH28: =D28*G28*$AV$10/1000 -> 0 | AI28: =D28*H28*$AV$11/1000 -> 0 | AJ28: =D28*I28*$AV$12/1000 -> 0 | AK28: =D28*J28*$AV$13/1000 -> 0 | AL28: =D28*K28*M28/1000 -> 0 | AM28: =D28*L28*N28/1000 -> 0 | AO28: =D28*Q28/1000 -> 0 | AP28: =AO28/$AO$29 -> #REF! | AQ28: =AO28/$AO$95 -> #REF! | AR28: =AO28/$AO$96 -> #REF!
AA29: =SUM(AA10:AA28) -> #REF! | AB29: =SUM(AB10:AB28) -> #REF! | AC29: =SUM(AC10:AC28) -> #REF! | AD29: =SUM(AD10:AD28) -> #REF! | AE29: =SUM(AE10:AE28) -> #REF! | AF29: =SUM(AF10:AF28) -> #REF! | AG29: =SUM(AG10:AG28) -> #REF! | AH29: =SUM(AH10:AH28) -> #REF! | ... AP29: =SUM(AP10:AP28) -> #REF!
A30: การปล่อย GHG โดยตรงที่ทำการรายงานแยก | E30: 0
A36: ขอบเขต 2 | B36: ='Activity data -Head Office'!A29 -> Electricity power [ไฟฟ้าสำนักงานใหญ่] | C36: ='Activity data -Head Office'!E29 -> Kwh | D36: ='Activity data -Head Office'!F29 -> 166539 | Q36: 0.4999 | U36: x | Z36: EF_CFO_Electricity grid Mix | AO36: =D36*Q36/1000 -> 83.252846 | AP36: =AO36/$AO$40 -> 1 | AQ36: =AO36/$AO$95 -> #REF! | AR36: =AO36/$AO$96 -> #REF!
B37: ='Activity data -Head Office'!A30 -> Electricity power [ไฟฟ้าโซล่าเซลล์]- สำนักงานใหญ่ | C37: ='Activity data -Head Office'!E30 -> Kwh | D37: ='Activity data -Head Office'!F30 -> 61610 | Q37: 0 | AO37: =D37*Q37/1000 -> 0 | AP37: =AO37/$AO$40 -> 0 | AQ37: =AO37/$AO$95 -> #REF! | AR37: =AO37/$AO$96 -> #REF!
AO38: =D38*Q38/1000 -> 0 | AP38: =AO38/$AO$40 -> 0 | AQ38: =AO38/$AO$95 -> #REF! | AR38: =AO38/$AO$96 -> #REF!
AO39: =D39*Q39/1000 -> 0 | AP39: =AO39/$AO$40 -> 0 | AQ39: =AO39/$AO$95 -> #REF! | AR39: =AO39/$AO$96 -> #REF!
AO40: =SUM(AO36:AO39) -> 83.252846 | AP40: =SUM(AP36:AP39) -> 1
A41: ขอบเขต 3 | B41: CAT1: การปล่อยก๊าซเรือนกระจกทางอ้อมจากการซื้อวัตถุดิบ และบริการ (Purchased goods and services) | AO41: =D41*Q41/1000 -> 0 | AP41: =AO41/$AO$94 -> 0 | AR41: =AO41/$AO$96 -> #REF!
B42: n/a | AO42: =D42*Q42/1000 -> 0 | AP42: =AO42/$AO$94 -> 0 | AR42: =AO42/$AO$96 -> #REF!
B43: CAT2: การปล่อยก๊าซเรือนกระจกทางอ้อมจากสินค้าประเภททุน (Capital goods) | AO43: =D43*Q43/1000 -> 0 | AP43: =AO43/$AO$94 -> 0 | AR43: =AO43/$AO$96 -> #REF!
B44: ='Activity data -Head Office'!A36 -> รายการทรัพย์สินที่มูลค่า 5000 บาท และอายุการใช้งาน 3 ปี ขึ้นไป | C44: {='Activity data -Head Office'!E36:F36} -> Baht | D44: 0 | Q44: 0.4267 | U44: x | Z44: EF_CFP_No.51 | AO44: =D44*Q44/1000 -> 0 | AP44: =AO44/$AO$94 -> 0 | AR44: =AO44/$AO$96 -> #REF!
B45: CAT3: การปล่อยก๊าซเรือนกระจกทางอ้อมจากกิจกรรมที่เกี่ยวข้องกับเช้ือเพลิงและพลังงาน (Fuel- and energy related activities) | AO45: =D45*Q45/1000 -> 0 | AP45: =AO45/$AO$94 -> 0 | AR45: =AO45/$AO$96 -> #REF!
B46: ='Activity data -Head Office'!A38 -> Diesel B7 | C46: kg | D46: ='Activity data -Head Office'!S38 -> 12917.295 | Q46: 0.3522 | U46: x | Z46: EF_CFP_No.55 | AO46: =D46*Q46/1000 -> 4.5494714 | AP46: =AO46/$AO$94 -> 0.026687304 | AR46: =AO46/$AO$96 -> #REF!
B47: ='Activity data -Head Office'!A39 -> Gasohol 95 | C47: kg | D47: ='Activity data -Head Office'!S39 -> 9255.9036 | Q47: 0.4024 | U47: x | Z47: EF_CFP_No.52 | AO47: =D47*Q47/1000 -> 3.7245756 | AP47: =AO47/$AO$94 -> 0.021848447 | AR47: =AO47/$AO$96 -> #REF!
B48: ='Activity data -Head Office'!A40 -> Electricity power | C48: ='Activity data -Head Office'!E40 -> Kwh | D48: ='Activity data -Head Office'!F40 -> 166539 | Q48: =0.5986-0.4999 -> 0.0987 | U48: x | Z48: EF_CFP - EF_CFO | AO48: =D48*Q48/1000 -> 16.437399 | AP48: =AO48/$AO$94 -> 0.096422164 | AR48: =AO48/$AO$96 -> #REF!
B49: CAT4: การปล่อยก๊าซเรือนกระจกทางออ้มจากการขนส่ง และกระจายสินค้าต้นน้ำ (Upstream transportation and distribution) | AO49: =D49*Q49/1000 -> 0 | AP49: =AO49/$AO$94 -> 0 | AR49: =AO49/$AO$96 -> #REF!
B50: n/a | AO50: =D50*Q50/1000 -> 0 | AP50: =AO50/$AO$94 -> 0 | AR50: =AO50/$AO$96 -> #REF!
B51: CAT5: การปล่อยก๊าซเรือนกระจกทางอ้อมจากการกำจัดของเสียที่เกิดจากการดำเนินกิจกรรมขององค์กร (Waste generated in operations) | AO51: =D51*Q51/1000 -> 0 | AP51: =AO51/$AO$94 -> 0 | AR51: =AO51/$AO$96 -> #REF!
B52: ='Activity data -Head Office'!A44 -> ขยะมูลฝอยส่งไป Sanitary Landfill | C52: ='Activity data -Head Office'!E44 -> kg | D52: ='Activity data -Head Office'!F44 -> 8378.16 | Q52: 0.7933 | U52: x | Z52: EF_CFP_No.575 | AO52: =D52*Q52/1000 -> 6.6463943 | AP52: =AO52/$AO$94 -> 0.038987903 | AR52: =AO52/$AO$96 -> #REF!
B53: ='Activity data -Head Office'!A45 -> รถบรรทุกขยะ 6 ล้อ วิ่งปกติ 0% Loading | C53: ='Activity data -Head Office'!E45 -> KM | D53: ='Activity data -Head Office'!F45 -> 960 | Q53: 0.4923 | U53: x | Z53: EF_CFP_No.234 | AO53: =D53*Q53/1000 -> 0.472608 | AP53: =AO53/$AO$94 -> 0.0027723294 | AR53: =AO53/$AO$96 -> #REF!
B54: ='Activity data -Head Office'!A46 -> รถบรรทุกขยะ 6 ล้อ วิ่งปกติ 100% Loading | C54: ='Activity data -Head Office'!E46 -> TKM | D54: ='Activity data -Head Office'!F46 -> 83.79 | Q54: 0.0475 | U54: x | Z54: EF_CFP_No.237 | AO54: =D54*Q54/1000 -> 0.003980025 | AP54: =AO54/$AO$94 -> 2.3346919e-05 | AR54: =AO54/$AO$96 -> #REF!
B55: CAT6: การปล่อยก๊าซเรือนกระจกทางอ้อมจากการเดินทางเพื่อธุรกิจ (Business travel) | AO55: =D55*Q55/1000 -> 0 | AP55: =AO55/$AO$94 -> 0 | AR55: =AO55/$AO$96 -> #REF!
B56: ='Activity data -Head Office'!A48 -> เครื่องบิน | C56: ='Activity data -Head Office'!E48 -> kgCO2 | D56: ='Activity data -Head Office'!F48 -> 3126 | Q56: 1 | X56: x | Z56: ICAO | AO56: =D56*Q56/1000 -> 3.126 | AP56: =AO56/$AO$94 -> 0.018337188 | AR56: =AO56/$AO$96 -> #REF!
B57: ='Activity data -Head Office'!A49 -> แท็กซี่ (NGV) | C57: ='Activity data -Head Office'!E49 -> kg | D57: ='Activity data -Head Office'!F49 -> 0 | Q57: 2.2609 | U57: x | Z57: EF_CFO_CNG | AO57: =D57*Q57/1000 -> 0 | AP57: =AO57/$AO$94 -> 0 | AR57: =AO57/$AO$96 -> #REF!
B58: ='Activity data -Head Office'!A50 -> Gasohol 95 รถยนต์ขนาดใหญ่ 2000 cc (ประจำตำแหน่งผู้จัดการ, 1ขก7898, 3กฆ9021, 3ขบ1664) | C58: ='Activity data -Head Office'!E50 -> Litre | D58: ='Activity data -Head Office'!F50 -> 4013.3 | Q58: 2.7406 | U58: x | Z58: EF_CFO_Gas/Diesel oil Mobile onroad | AO58: =D58*Q58/1000 -> 10.99885 | AP58: =AO58/$AO$94 -> 0.064519508 | AR58: =AO58/$AO$96 -> #REF!
B59: ='Activity data -Head Office'!A51 -> Gasohol 95 รถยนต์ขนาดกลาง ขนาด 1600 cc (ประจำตำแหน่งผู้จัดการ, สส7838) | C59: ='Activity data -Head Office'!E51 -> Litre | D59: ='Activity data -Head Office'!F51 -> 1337.76 | Q59: 2.2719 | U59: x | Z59: EF_CFO_Motor Gasoline -Oxidant Catalyst | AO59: =D59*Q59/1000 -> 3.0392569 | AP59: =AO59/$AO$94 -> 0.017828351 | AR59: =AO59/$AO$96 -> #REF!
B60: ='Activity data -Head Office'!A52 -> Gasohol 95 รถยนต์ขนาดเล็ก ขนาด 1500 cc (ประจำตำแหน่งผู้จัดการ, 5กภ5054, 8กฒ8081) | C60: ='Activity data -Head Office'!E52 -> Litre | D60: ='Activity data -Head Office'!F52 -> 2675.54 | Q60: 2.2719 | U60: x | Z60: EF_CFO_Motor Gasoline -Oxidant Catalyst | AO60: =D60*Q60/1000 -> 6.0785593 | AP60: =AO60/$AO$94 -> 0.035656969 | AR60: =AO60/$AO$96 -> #REF!
B61: ='Activity data -Head Office'!A53 -> Diesel B7 รถยนต์ขนาดใหญ่ ขนาด 2000 cc (ประจำตำแหน่งที่ปรึกษา, 5กณ1579) | C61: ='Activity data -Head Office'!E53 -> Litre | D61: ='Activity data -Head Office'!F53 -> 1337.76 | Q61: 2.7406 | U61: x | Z61: EF_CFO_Gas/Diesel oil Mobile onroad | AO61: =D61*Q61/1000 -> 3.6662651 | AP61: =AO61/$AO$94 -> 0.021506396 | AR61: =AO61/$AO$96 -> #REF!
B62: ='Activity data -Head Office'!A54 -> Diesel B7 รถยนต์กระบะส่วนบุคคลขนาด 1 ตัน (ประจำตำแหน่งผู้ช่วยผู้จัดการ, สฎ3762) | C62: ='Activity data -Head Office'!E54 -> Litre | D62: ='Activity data -Head Office'!F54 -> 1092.84 | Q62: 2.7406 | U62: x | Z62: EF_CFO_Gas/Diesel oil Mobile onroad | AO62: =D62*Q62/1000 -> 2.9950373 | AP62: =AO62/$AO$94 -> 0.017568958 | AR62: =AO62/$AO$96 -> #REF!
B63: ='Activity data -Head Office'!A55 -> Gasohol 95 รถยนต์ขนาดกลาง ขนาด 1600 cc (ประจำตำแหน่งผู้ช่วยผู้จัดการ) | C63: ='Activity data -Head Office'!E55 -> Litre | D63: ='Activity data -Head Office'!F55 -> 1003.32 | Q63: 2.2719 | U63: x | Z63: EF_CFO_Motor Gasoline -Oxidant Catalyst | AO63: =D63*Q63/1000 -> 2.2794427 | AP63: =AO63/$AO$94 -> 0.013371264 | AR63: =AO63/$AO$96 -> #REF!
B64: ='Activity data -Head Office'!A56 -> Gasohol 95 รถยนต์ขนาดเล็ก ขนาด 1500 cc (ประจำตำแหน่งผู้ช่วยผู้จัดการ, 3กพ991, 6กศ5365, 3ขท8660) | C64: ='Activity data -Head Office'!E56 -> Litre | D64: ='Activity data -Head Office'!F56 -> 3009.96 | Q64: 2.2719 | U64: x | Z64: EF_CFO_Motor Gasoline -Oxidant Catalyst | AO64: =D64*Q64/1000 -> 6.8383281 | AP64: =AO64/$AO$94 -> 0.040113791 | AR64: =AO64/$AO$96 -> #REF!
B65: ='Activity data -Head Office'!A57 -> Gasohol 95 รถยนต์ขนาดใหญ่ ขนาด 2000 cc (ประจำตำแหน่งผู้ช่วยผู้จัดการ, 2กค1623) | C65: ='Activity data -Head Office'!E57 -> Litre | D65: ='Activity data -Head Office'!F57 -> 1433.49 | Q65: 2.2719 | U65: x | Z65: EF_CFO_Motor Gasoline -Oxidant Catalyst | AO65: =D65*Q65/1000 -> 3.2567459 | AP65: =AO65/$AO$94 -> 0.019104147 | AR65: =AO65/$AO$96 -> #REF!
B66: ='Activity data -Head Office'!A58 -> Diesel B7 รถยนต์ขนาดใหญ่ ขนาด 2000 cc (ประจำตำแหน่งผู้ช่วยกรรมการสายงาน, 7กส9947) | C66: ='Activity data -Head Office'!E58 -> Litre | D66: ='Activity data -Head Office'!F58 -> 1457.1658 | Q66: 2.7406 | U66: x | Z66: EF_CFO_Gas/Diesel oil Mobile onroad
B67: ='Activity data -Head Office'!A59 -> Diesel B7 รถยนต์ขนาดใหญ่ ขนาด 2000 cc (ประจำตำแหน่งฝ่ายขาย, กช5กข8079) | C67: ='Activity data -Head Office'!E59 -> Litre | D67: ='Activity data -Head Office'!F59 -> 969.77 | Q67: 2.7406 | U67: x | Z67: EF_CFO_Gas/Diesel oil Mobile onroad | AO67: =D67*Q67/1000 -> 2.6577517 | AP67: =AO67/$AO$94 -> 0.015590433 | AR67: =AO67/$AO$96 -> #REF!
B68: ='Activity data -Head Office'!A60 -> Gasohol 95 รถยนต์ขนาดเล็ก ขนาด 1500 cc (ประจำตำแหน่งฝ่ายขาย, กบ6320) | C68: ='Activity data -Head Office'!E60 -> Litre | D68: ='Activity data -Head Office'!F60 -> 837.69 | Q68: 2.2719 | U68: x | Z68: EF_CFO_Motor Gasoline -Oxidant Catalyst | AO68: =D68*Q68/1000 -> 1.9031479 | AP68: =AO68/$AO$94 -> 0.01116391 | AR68: =AO68/$AO$96 -> #REF!
B69: ='Activity data -Head Office'!A61 -> Gasohol 91 รถจักรยานยนต์ (ประจำตำแหน่งคนส่งเอกสาร) | C69: ='Activity data -Head Office'!E61 -> Litre | D69: ='Activity data -Head Office'!F61 -> 5079.34 | Q69: 2.2719 | U69: x | Z69: EF_CFO_Motor Gasoline -Oxidant Catalyst | AO69: =D69*Q69/1000 -> 11.539753 | AP69: =AO69/$AO$94 -> 0.067692455 | AR69: =AO69/$AO$96 -> #REF!
B70: CAT7: การปล่อยก๊าซเรือนกระจกทางอ้อมจากการเดินทางของพนักงาน (Employee commuting) | AO70: =D70*Q70/1000 -> 0 | AP70: =AO70/$AO$94 -> 0 | AR70: =AO70/$AO$96 -> #REF!
B71: ='Activity data -Head Office'!A63 -> Diesel B7,B10,B20 | C71: ='Activity data -Head Office'!E63 -> Lite | D71: ='Activity data -Head Office'!F63 -> 4668.82 | Q71: 2.7406 | U71: x | Z71: EF_CFO_Gas/Diesel oil Mobile onroad | AO71: =D71*Q71/1000 -> 12.795368 | AP71: =AO71/$AO$94 -> 0.075057925 | AR71: =AO71/$AO$96 -> #REF!
B72: ='Activity data -Head Office'!A64 -> Gasohol 91 | C72: ='Activity data -Head Office'!E64 -> Lite | D72: ='Activity data -Head Office'!F64 -> 1565.1 | Q72: 2.2719 | U72: x | Z72: EF_CFO_Motor Gasoline -Oxidant Catalyst | AO72: =D72*Q72/1000 -> 3.5557507 | AP72: =AO72/$AO$94 -> 0.020858116 | AR72: =AO72/$AO$96 -> #REF!
B73: ='Activity data -Head Office'!A65 -> Gasohol 95 | C73: ='Activity data -Head Office'!E65 -> Lite | D73: ='Activity data -Head Office'!F65 -> 15823.54 | Q73: 2.2719 | U73: x | Z73: EF_CFO_Motor Gasoline -Oxidant Catalyst | AO73: =D73*Q73/1000 -> 35.949501 | AP73: =AO73/$AO$94 -> 0.2108806 | AR73: =AO73/$AO$96 -> #REF!
B74: ='Activity data -Head Office'!A66 -> Gasohol E20 | C74: ='Activity data -Head Office'!E66 -> Lite | D74: ='Activity data -Head Office'!F66 -> 5713.37 | Q74: 2.2719 | U74: x | Z74: EF_CFO_Motor Gasoline -Oxidant Catalyst | AO74: =D74*Q74/1000 -> 12.980205 | AP74: =AO74/$AO$94 -> 0.076142184 | AR74: =AO74/$AO$96 -> #REF!
B75: ='Activity data -Head Office'!A67 -> Gasoline | C75: ='Activity data -Head Office'!E67 -> Lite | D75: ='Activity data -Head Office'!F67 -> 5726.86 | Q75: 2.2719 | U75: x | Z75: EF_CFO_Motor Gasoline -Oxidant Catalyst | AO75: =D75*Q75/1000 -> 13.010853 | AP75: =AO75/$AO$94 -> 0.076321966 | AR75: =AO75/$AO$96 -> #REF!
B76: ='Activity data -Head Office'!A68 -> LPG | C76: ='Activity data -Head Office'!E68 -> kg | D76: ='Activity data -Head Office'!F68 -> 305.8 | Q76: 2.2609 | U76: x | Z76: EF_CFO_CNG | AO76: =D76*Q76/1000 -> 0.69138322 | AP76: =AO76/$AO$94 -> 0.0040556699 | AR76: =AO76/$AO$96 -> #REF!
B77: CAT8:. การปล่อยก๊าซเรือนกระจกทางอ้อมจากการใช้สินทรัพย์ที่เช่า (Upstream leased assets) | AO77: =D77*Q77/1000 -> 0 | AP77: =AO77/$AO$94 -> 0 | AR77: =AO77/$AO$96 -> #REF!
B78: ='Activity data -Head Office'!A71 -> การเช่าไฟฟ้าจากโกดัง | C78: ='Activity data -Head Office'!E71 -> Kwh | D78: ='Activity data -Head Office'!F71 -> 2110 | Q78: 0.5986 | U78: x | Z78: EF_CFP_No.59 | AO78: =D78*Q78/1000 -> 1.263046 | AP78: =AO78/$AO$94 -> 0.007409057 | AR78: =AO78/$AO$96 -> #REF!
B79: ='Activity data -Head Office'!A72 -> การเช่าน้ำประปาจากโกดัง | C79: ='Activity data -Head Office'!E72 -> Lite | D79: ='Activity data -Head Office'!F72 -> 17 | Q79: 0.7984 | U79: x | Z79: EF_CFP_No.60 | AO79: =D79*Q79/1000 -> 0.0135728 | AP79: =AO79/$AO$94 -> 7.9618358e-05 | AR79: =AO79/$AO$96 -> #REF!
B80: CAT9: การปล่อยก๊าซเรือนกระจกทางอ้อมจากการขนส่ง และกระจายสินค้า (Downstream transportation and distribution) | AO80: =D80*Q80/1000 -> 0 | AP80: =AO80/$AO$94 -> 0 | AR80: =AO80/$AO$96 -> #REF!
B81: n/a | AO81: =D81*Q81/1000 -> 0 | AP81: =AO81/$AO$94 -> 0 | AR81: =AO81/$AO$96 -> #REF!
B82: CAT10: การปล่อยก๊าซเรือนกระจกทางอ้อมจากการแปรรูปสินค้าที่องค์กรจำหน่าย (Processing of sold products) | AO82: =D82*Q82/1000 -> 0 | AP82: =AO82/$AO$94 -> 0 | AR82: =AO82/$AO$96 -> #REF!
B83: n/a | AO83: =D83*Q83/1000 -> 0 | AP83: =AO83/$AO$94 -> 0 | AR83: =AO83/$AO$96 -> #REF!
B84: CAT11: การปล่อยก๊าซเรือนกระจกทางอ้อมจากการใช้งานของผลิตภัณฑ์ที่องค์กรจำหน่าย (Use of sold products) | AO84: =D84*Q84/1000 -> 0 | AP84: =AO84/$AO$94 -> 0 | AR84: =AO84/$AO$96 -> #REF!
B85: n/a | AO85: =D85*Q85/1000 -> 0 | AP85: =AO85/$AO$94 -> 0 | AR85: =AO85/$AO$96 -> #REF!
B86: CAT12: การปล่อยก๊าซเรือนกระจกทางอ้อมจากการกำจัดซากผลิตภัณฑ์ที่องค์กรจำหน่าย (End-of-life treatment of sold products) | AO86: =D86*Q86/1000 -> 0 | AP86: =AO86/$AO$94 -> 0 | AR86: =AO86/$AO$96 -> #REF!
B87: n/a | AO87: =D87*Q87/1000 -> 0 | AP87: =AO87/$AO$94 -> 0 | AR87: =AO87/$AO$96 -> #REF!
B88: CAT13: การปล่อยก๊าซเรือนกระจกทางอ้อมจากการปล่อยเช่าสินทรัพย์ขององค์กร (Downstream leased assets) | AO88: =D88*Q88/1000 -> 0 | AP88: =AO88/$AO$94 -> 0 | AR88: =AO88/$AO$96 -> #REF!
B89: n/a | AO89: =D89*Q89/1000 -> 0 | AP89: =AO89/$AO$94 -> 0 | AR89: =AO89/$AO$96 -> #REF!
B90: CAT14: การปล่อยก๊าซเรือนกระจกทางอ้อมจากแฟรนไชส์ (Franchises) | AO90: =D90*Q90/1000 -> 0 | AP90: =AO90/$AO$94 -> 0 | AR90: =AO90/$AO$96 -> #REF!
B91: n/a | AO91: =D91*Q91/1000 -> 0 | AP91: =AO91/$AO$94 -> 0 | AR91: =AO91/$AO$96 -> #REF!
... B93: n/a | AO93: =D93*Q93/1000 -> 0 | AP93: =AO93/$AO$94 -> 0 | AR93: =AO93/$AO$96 -> #REF!
AO94: =SUM(AO41:AO91) -> 170.47325 | AP94: =SUM(AP41:AP93) -> 1
AA95: =AA29+AA40 -> #REF! | AB95: =AB29+AB40 -> #REF! | AD95: =AD29+AD40 -> #REF! | AE95: =AE29+AE40 -> #REF! | AF95: =AF29+AF40 -> #REF! | AG95: =AG29+AG40 -> #REF! | AI95: =AI29+AI40 -> #REF! | AJ95: =AJ29+AJ40 -> #REF! | AK95: =AK29+AK40 -> #REF! | AL95: =AL29+AL40 -> #REF! | AM95: =AM29+AM40 -> #REF! | AN95: =AN29+AN40 -> 0 | AO95: =AO29+AO40 -> #REF! | AQ95: =SUM(AQ10:AQ28)+SUM(AQ36:AQ39) -> #REF! | AR95: =SUM(AR10:AR28)+SUM(AR36:AR39)+SUM(AR41:AR93) -> #REF!
AA96: =AA29+AA40+AA94 -> #REF! | AB96: =AB29+AB40+AB94 -> #REF! | AD96: =AD29+AD40+AD94 -> #REF! | AE96: =AE29+AE40+AE94 -> #REF! | AF96: =AF29+AF40+AF94 -> #REF! | AG96: =AG29+AG40+AG94 -> #REF! | AI96: =AI29+AI40+AI94 -> #REF! | AJ96: =AJ29+AJ40+AJ94 -> #REF! | AK96: =AK29+AK40+AK94 -> #REF! | AL96: =AL29+AL40+AL94 -> #REF! | AM96: =AM29+AM40+AM94 -> #REF! | AN96: =AN29+AN40+AN94 -> 0 | AO96: =AO29+AO40+AO94 -> #REF!
A97: จัดทำโดย

Sheet Activity data -Head Office
A1: Activity Data Year 2025
A4: แหล่งปล่อยก๊าซเรือนกระจก | B4: หลักฐานอ้างอิง | C4: ผู้รับผิดชอบข้อมูล | D4: หน่วยงานที่รับผิดชอบ | E4: หน่วย | F4: รวม | G4: เดือน
G5: 1 | H5: 2 | I5: 3 | J5: 4 | K5: 5 | L5: 6 | M5: 7 | N5: 8 | O5: 9 | P5: 10 | Q5: 11 | R5: 12
A6: Scope 1: การปล่อยก๊าซเรือนกระจกทางตรงขององค์กร (Direct GHG Emissions)
A7: 1.การปล่อยก๊าซเรือนกระจกที่เกิดขึ้นจากการเผาไหม้อยู่กับที่ (Stationary Combustion)
A8: n/a
A9: 2.การปล่อยก๊าซเรือนกระจกที่เกิดขึ้นจากการเผาไหม้แบบเคลื่อนที่ (Mobile Combustion)
A10: Diesel B7 รถ forklift | B10: Fleetcard | C10: ปัณณรุจ ทองนพเก้า | D10: ฝ่ายบริหารทรัพยากรบุคคลและบริหารสำนักงานส่วนกลาง-HO | E10: Litre | F10: =SUM(G10:R10) -> 627.63 | G10: =31.22+38.5 -> 69.72 | H10: 37.89 | I10: 78.5 | J10: 40.01 | K10: 37.82 | L10: 70.64 | M10: =0+40.64 -> 40.64 | N10: =31.99+0 -> 31.99 | O10: =0+39.7 -> 39.7 | P10: 38.75 | Q10: 72.92 | R10: 69.05
A11: Diesel B7 รถบรรทุก 6 ล้อ (บท9680, 83-9095) | B11: Fleetcard | C11: ปัณณรุจ ทองนพเก้า | D11: ฝ่ายบริหารทรัพยากรบุคคลและบริหารสำนักงานส่วนกลาง-HO | E11: Litre | F11: =SUM(G11:R11) -> 8786.38 | G11: =380.73+457.57 -> 838.3 | H11: =364.76+459.5 -> 824.26 | I11: 847.95 | J11: 661.53 | K11: 761.63 | L11: 772.1 | M11: =190.89+395.63 -> 586.52 | N11: =273.17+368 -> 641.17 | O11: =224.29+472.64 -> 696.93 | P11: =270.53+509.73 -> 780.26 | Q11: 633.08 | R11: 742.65
A12: Diesel B7 รถกระบะส่วนบุคคลขนาด 1 ตัน ของบริษัท (1กร 3494) | B12: Fleetcard | C12: ปัณณรุจ ทองนพเก้า | D12: ฝ่ายบริหารทรัพยากรบุคคลและบริหารสำนักงานส่วนกลาง-HO | E12: Litre | F12: =SUM(G12:R12) -> 2991.31 | G12: 401.94 | H12: 184 | I12: 214.53 | J12: 228.73 | K12: 340.37 | L12: 177.94 | M12: 291.66 | N12: 183.14 | O12: 364.67 | P12: 102.56 | Q12: 233.31 | R12: 268.46
A13: Diesel B7/พรีเมียม รถยนต์ขนาดใหญ่ 2000 cc (4ขอ 1948, 6กญ 2678, ญร4569, ภฮ9789) | B13: Fleetcard | C13: ปัณณรุจ ทองนพเก้า | D13: ฝ่ายบริหารทรัพยากรบุคคลและบริหารสำนักงานส่วนกลาง-HO | E13: Litre | F13: =SUM(G13:R13) -> 2881.42 | G13: =0+0+0+60.33 -> 60.33 | H13: =29.06+59.73+92.45+135.1 -> 316.34 | I13: =27+121.26+0+64.54 -> 212.8 | J13: =0+0+44.01+60.53 -> 104.54 | K13: =33.06+121.08+42.2+135.64 -> 331.98 | L13: =34.12+59.5+88.16+139.05 -> 320.83 | M13: =25.8+57.58+46.26+70.38 -> 200.02 | N13: =0+120.07+44.7+71.66 -> 236.43 | O13: =61.2+59.29+47.2+72.72 -> 240.41 | P13: =140.19+0+121.44+90.83 -> 352.46 | Q13: 275.39 | R13: 229.89
A14: Gasohol 95 รถยนต์ขนาดใหญ่ ขนาด 2000cc ของบริษัท (1ขญ 1643, 2ขญ 1643, 34DUMMY, 4กฎ 2234, 4ขต 9545) | B14: Fleetcard | C14: ปัณณรุจ ทองนพเก้า | D14: ฝ่ายบริหารทรัพยากรบุคคลและบริหารสำนักงานส่วนกลาง-HO | E14: Litre | F14: =SUM(G14:R14) -> 4724.45 | G14: 323.57 | H14: 505.87 | I14: 374.99 | J14: 326.08 | K14: 447.68 | L14: 349.07 | M14: 343.31 | N14: 345.22 | O14: 341.69 | P14: =0+231.85+322.06+53.24 -> 607.15 | Q14: 533.35 | R14: 226.47
A15: Gasohol 95 รถตู้ของบริษัท (2ขล 9545, ฎค9779, ฎพ9779, ฮฐ6328) | B15: Fleetcard | C15: ปัณณรุจ ทองนพเก้า | D15: ฝ่ายบริหารทรัพยากรบุคคลและบริหารสำนักงานส่วนกลาง-HO | E15: Litre | F15: =SUM(G15:R15) -> 7559.43 | G15: =319.8+190.97 -> 510.77 | H15: 745.97 | I15: =428.1+233.67 -> 661.77 | J15: =495.68+314.29 -> 809.97 | K15: =381.74+304.79 -> 686.53 | L15: 662.54 | M15: =334.35+186.32 -> 520.67 | N15: =221.77+221.82 -> 443.59 | O15: =271.96+285.05 -> 557.01 | P15: =318.7+299.97 -> 618.67 | Q15: 556.86 | R15: 785.08
A16: 3.การปล่อยก๊าซเรือนกระจกที่เกิดขึ้นจากกระบวนการผลิต (Industrtial process)
A17: n/a
A18: 4. การปล่อยก๊าซเรือนกระจกที่เกิดขึ้นจากการรั่วไหลและอื่นๆ (Fugitive Emission)
A19: Refrigerant
A20: HFC-32 | B20: คำนวณจากสูตร | C20: ธนบดี | D20: ฝ่ายบริหารยุทธศาสตร์ความยั่งยืน | E20: kg/year | F20: 2.761
A21: HFC-410a | B21: คำนวณจากสูตร | C21: ธนบดี | D21: ฝ่ายบริหารยุทธศาสตร์ความยั่งยืน | E21: kg/year | F21: 0.28
A22: HFC-22 (ไม่รายงาน เนื่องจากไม่อยู่ภายใต้ข้อกำหนดของ อบก.) | B22: รายการตรวจเช็คถังดับเพลิง | C22: ปัณณรุจ ทองนพเก้า | D22: ฝ่ายบริหารทรัพยากรบุคคลและบริหารสำนักงานส่วนกลาง-HO | E22: kg/year
A23: สารดับเพลิงชนิด CO2 (ไม่มีการใช้งาน) | B23: รายการตรวจเช็คถังดับเพลิง | C23: ปัณณรุจ ทองนพเก้า | D23: ฝ่ายบริหารทรัพยากรบุคคลและบริหารสำนักงานส่วนกลาง-HO | E23: kg/year | F23: 0
A24: ถังดับเพลิงชนิดสารเคมีแห้ง HCFC-123 (ไม่มีการรั่วไหล) (ไม่รายงาน เนื่องจากไม่อยู่ภายใต้ข้อกำหนดของ อบก.) | B24: คำนวณจากสูตร | C24: ธนบดี | D24: ฝ่ายบริหารยุทธศาสตร์ความยั่งยืน | E24: kg/year
A25: CH4 from septic tank | B25: MY HR | C25: จิรภัทร ทิพย์จันทร์ | D25: ฝ่ายบริหารทรัพยากรบุคคลและบริหารสำนักงานส่วนกลาง-HO | E25: kgCH4 | F25: =#REF! -> #REF!
A26: 5.การปล่อยก๊าซเรือนกระจกจากป่าไม้/ชีวมวล
A27: n/a
A28: Scope 2: การปล่อยก๊าซเรือนกระจกทางอ้อมจากการใช้พลังงานขององค์กร (Energy Indirect GHG Emissions)
A29: Electricity power [ไฟฟ้าสำนักงานใหญ่] | B29: บิลไฟฟ้า | C29: ปัณณรุจ ทองนพเก้า | D29: ฝ่ายบริหารทรัพยากรบุคคลและบริหารสำนักงานส่วนกลาง-HO | E29: Kwh | F29: =SUM(G29:R29) -> 166539 | G29: 11143 | H29: 11278 | I29: 13808 | J29: 13338 | K29: 13808 | L29: 13419 | M29: 14863 | N29: 15947 | O29: 14166 | P29: 15627 | Q29: 14266 | R29: 14876
A30: Electricity power [ไฟฟ้าโซล่าเซลล์]- สำนักงานใหญ่ | B30: แอพโซล่าร์เซลล์ | C30: ปัณณรุจ ทองนพเก้า | D30: ฝ่ายบริหารทรัพยากรบุคคลและบริหารสำนักงานส่วนกลาง-HO | E30: Kwh | F30: =SUM(G30:R30) -> 61610 | G30: 6390 | H30: 5640 | I30: 6940 | J30: 6810 | K30: 5890 | L30: 6030 | M30: 5030 | N30: 5140 | O30: 4110 | P30: 3640 | Q30: 2650 | R30: 3340
A31: Electricity power [ไฟฟ้ารวมที่องค์กรรับผิดชอบ]-สำนักงานใหญ่ | B31: - | C31: - | D31: - | E31: Kwh | F31: =SUM(G31:R31) -> 166539 | G31: =G29 -> 11143 | H31: =H29 -> 11278 | I31: =I29 -> 13808 | J31: =J29 -> 13338 | K31: =K29 -> 13808 | L31: =L29 -> 13419 | M31: =M29 -> 14863 | N31: =N29 -> 15947 | ... R31: =R29 -> 14876
A32: Scope 3: การปล่อยก๊าซเรือนกระจกทางอ้อมจากกิจกรรมอื่นๆ (Other Indirect Emsiion)
A33: CAT1: การปล่อยก๊าซเรือนกระจกทางอ้อมจากการซื้อวัตถุดิบ และบริการ (Purchased goods and services)
A34: n/a
A35: CAT2: การปล่อยก๊าซเรือนกระจกทางอ้อมจากสินค้าประเภททุน (Capital goods)
A36: รายการทรัพย์สินที่มูลค่า 5000 บาท และอายุการใช้งาน 3 ปี ขึ้นไป | B36: ทะเบียนทรัพย์สิน | C36: สุรชา | D36: ฝ่ายบัญชี-HO | E36: Baht | F36: =SUM(G36:R36) -> 0
A37: CAT3: การปล่อยก๊าซเรือนกระจกทางอ้อมจากกิจกรรมที่เกี่ยวข้องกับเช้ือเพลิงและพลังงาน (Fuel- and energy related activities)
A38: Diesel B7 | B38: คำนวณจากผลรวม | C38: ธนบดี | D38: ฝ่ายบริหารยุทธศาสตร์ความยั่งยืน | E38: Litre | F38: =SUM(G38:R38) -> 15286.74 | G38: =G10+G11+G12+G13 -> 1370.29 | H38: =H10+H11+H12+H13 -> 1362.49 | I38: =I10+I11+I12+I13 -> 1353.78 | J38: =J10+J11+J12+J13 -> 1034.81 | K38: =K10+K11+K12+K13 -> 1471.8 | L38: =L10+L11+L12+L13 -> 1341.51 | M38: =M10+M11+M12+M13 -> 1118.84 | N38: =N10+N11+N12+N13 -> 1092.73 | ... R38: =R10+R11+R12+R13 -> 1310.05 | S38: =F38*0.845 -> 12917.295 | T38: kg
A39: Gasohol 95 | B39: คำนวณจากผลรวม | C39: ธนบดี | D39: ฝ่ายบริหารยุทธศาสตร์ความยั่งยืน | E39: Litre | F39: =SUM(G39:R39) -> 12283.88 | G39: =G14+G15 -> 834.34 | H39: =H14+H15 -> 1251.84 | I39: =I14+I15 -> 1036.76 | J39: =J14+J15 -> 1136.05 | K39: =K14+K15 -> 1134.21 | L39: =L14+L15 -> 1011.61 | M39: =M14+M15 -> 863.98 | N39: =N14+N15 -> 788.81 | ... R39: =R14+R15 -> 1011.55 | S39: =F39*0.7535 -> 9255.9036 | T39: kg
A40: Electricity power | B40: คำนวณจากผลรวม | C40: ธนบดี | D40: ฝ่ายบริหารยุทธศาสตร์ความยั่งยืน | E40: Kwh | F40: =SUM(G40:R40) -> 166539 | G40: =G31 -> 11143 | H40: =H31 -> 11278 | I40: =I31 -> 13808 | J40: =J31 -> 13338 | K40: =K31 -> 13808 | L40: =L31 -> 13419 | M40: =M31 -> 14863 | N40: =N31 -> 15947 | ... R40: =R31 -> 14876
A41: CAT4: การปล่อยก๊าซเรือนกระจกทางออ้มจากการขนส่ง และกระจายสินค้าต้นน้ำ (Upstream transportation and distribution)
A42: n/a
A43: CAT5: การปล่อยก๊าซเรือนกระจกทางอ้อมจากการกำจัดของเสียที่เกิดจากการดำเนินกิจกรรมขององค์กร (Waste generated in operations)
A44: ขยะมูลฝอยส่งไป Sanitary Landfill | B44: แบบบันทึกข้อมูลปริมาณขยะ | C44: ปัณณรุจ ทองนพเก้า | D44: ฝ่ายบริหารทรัพยากรบุคคลและบริหารสำนักงานส่วนกลาง-HO | E44: kg | F44: =SUM(G44:R44) -> 8378.16 | G44: 852.1 | H44: =725.6+21.7 -> 747.3 | I44: 553.3 | J44: 831.1 | K44: 916.6 | L44: 706.8 | M44: 659.6 | N44: 659.6 | O44: 629.4 | P44: 663.66 | Q44: 581.7 | R44: 577
A45: รถบรรทุกขยะ 6 ล้อ วิ่งปกติ 0% Loading | B45: คำนวณจากสูตร | C45: ธนบดี | D45: ฝ่ายบริหารยุทธศาสตร์ความยั่งยืน | E45: KM | F45: =SUM(G45:R45) -> 960 | G45: 80 | H45: 80 | I45: 80 | J45: 80 | K45: 80 | L45: 80 | M45: 80 | N45: 80 | O45: 80 | P45: 80 | Q45: 80 | R45: 80
A46: รถบรรทุกขยะ 6 ล้อ วิ่งปกติ 100% Loading | B46: คำนวณจากสูตร | C46: ธนบดี | D46: ฝ่ายบริหารยุทธศาสตร์ความยั่งยืน | E46: TKM | F46: =SUM(G46:R46) -> 83.79 | G46: 8.52 | H46: 7.47 | I46: 5.53 | J46: 8.31 | K46: 9.17 | L46: 7.07 | M46: 6.6 | N46: 6.6 | O46: 6.29 | P46: 6.64 | Q46: 5.82 | R46: 5.77
A47: CAT6: การปล่อยก๊าซเรือนกระจกทางอ้อมจากการเดินทางเพื่อธุรกิจ (Business travel)
A48: เครื่องบิน | B48: ใบเสร็จรับเงิน/ตั๋วเครื่องบิน | C48: พรมณี | D48: ฝ่ายตรวจสอบภายใน-HO | E48: kgCO2 | F48: =SUM(G48:R48) -> 3126 | G48: 474 | H48: 0 | I48: 0 | J48: 0 | K48: 0 | L48: 246 | M48: 0 | N48: 0 | O48: 772 | P48: 246 | Q48: 1388 | R48: 0
A49: แท็กซี่ (NGV) | B49: ใบเสร็จรับเงิน | C49: พรมณี | D49: ฝ่ายตรวจสอบภายใน-HO | E49: kg | F49: =SUM(G49:R49) -> 0
A50: Gasohol 95 รถยนต์ขนาดใหญ่ 2000 cc (ประจำตำแหน่งผู้จัดการ, 1ขก7898, 3กฆ9021, 3ขบ1664) | B50: ใบรับจ่ายเงินประจำเดือน | C50: ปัณณรุจ ทองนพเก้า | D50: ฝ่ายบริหารทรัพยากรบุคคลและบริหารสำนักงานส่วนกลาง-HO | E50: Litre | F50: =SUM(G50:R50) -> 4013.3 | G50: =111.48+111.48+111.48 -> 334.44 | H50: =111.48+111.48+111.48 -> 334.44 | I50: =111.48+111.48+111.48 -> 334.44 | J50: =111.48+111.48+111.48 -> 334.44 | K50: =111.48+111.48+111.48 -> 334.44 | L50: =111.48+111.48+111.48 -> 334.44 | M50: =111.48+111.48+111.48 -> 334.44 | N50: =111.48+111.48+111.48 -> 334.44 | O50: =111.48+111.48+111.48 -> 334.44 | P50: 334.44 | Q50: 334.45 | R50: 334.45 | S50: =F50*0.845 -> 3391.2385 | T50: kg | U50: (จำนวนเงินประจำตำแหน่ง/ราคาเชื้อเพลิงเฉลี่ย)
A51: Gasohol 95 รถยนต์ขนาดกลาง ขนาด 1600 cc (ประจำตำแหน่งผู้จัดการ, สส7838) | B51: ใบรับจ่ายเงินประจำเดือน | C51: ปัณณรุจ ทองนพเก้า | D51: ฝ่ายบริหารทรัพยากรบุคคลและบริหารสำนักงานส่วนกลาง-HO | E51: Litre | F51: =SUM(G51:R51) -> 1337.76 | G51: 111.48 | H51: 111.48 | I51: 111.48 | J51: 111.48 | K51: 111.48 | L51: 111.48 | M51: 111.48 | N51: 111.48 | O51: 111.48 | P51: 111.48 | Q51: 111.48 | R51: 111.48 | S51: =F51*0.7535 -> 1008.0022 | T51: kg | U51: (จำนวนเงินประจำตำแหน่ง/ราคาเชื้อเพลิงเฉลี่ย)
A52: Gasohol 95 รถยนต์ขนาดเล็ก ขนาด 1500 cc (ประจำตำแหน่งผู้จัดการ, 5กภ5054, 8กฒ8081) | B52: ใบรับจ่ายเงินประจำเดือน | C52: ปัณณรุจ ทองนพเก้า | D52: ฝ่ายบริหารทรัพยากรบุคคลและบริหารสำนักงานส่วนกลาง-HO | E52: Litre | F52: =SUM(G52:R52) -> 2675.54 | G52: =111.48+111.48 -> 222.96 | H52: =111.48+111.48 -> 222.96 | I52: =111.48+111.48 -> 222.96 | J52: =111.48+111.48 -> 222.96 | K52: =111.48+111.48 -> 222.96 | L52: =111.48+111.48 -> 222.96 | M52: 222.96 | N52: 222.96 | O52: 222.96 | P52: 222.96 | Q52: 222.97 | R52: 222.97 | S52: =F52*0.7535 -> 2016.0194 | T52: kg | U52: (จำนวนเงินประจำตำแหน่ง/ราคาเชื้อเพลิงเฉลี่ย)
A53: Diesel B7 รถยนต์ขนาดใหญ่ ขนาด 2000 cc (ประจำตำแหน่งที่ปรึกษา, 5กณ1579) | B53: ใบรับจ่ายเงินประจำเดือน | C53: ปัณณรุจ ทองนพเก้า | D53: ฝ่ายบริหารทรัพยากรบุคคลและบริหารสำนักงานส่วนกลาง-HO | E53: Litre | F53: =SUM(G53:R53) -> 1337.76 | G53: 111.48 | H53: 111.48 | I53: 111.48 | J53: 111.48 | K53: 111.48 | L53: 111.48 | M53: 111.48 | N53: 111.48 | O53: 111.48 | P53: 111.48 | Q53: 111.48 | R53: 111.48 | S53: =F53*0.845 -> 1130.4072 | T53: kg | U53: (จำนวนเงินประจำตำแหน่ง/ราคาเชื้อเพลิงเฉลี่ย)
A54: Diesel B7 รถยนต์กระบะส่วนบุคคลขนาด 1 ตัน (ประจำตำแหน่งผู้ช่วยผู้จัดการ, สฎ3762) | B54: ใบรับจ่ายเงินประจำเดือน | C54: ปัณณรุจ ทองนพเก้า | D54: ฝ่ายบริหารทรัพยากรบุคคลและบริหารสำนักงานส่วนกลาง-HO | E54: Litre | F54: =SUM(G54:R54) -> 1092.84 | G54: 91.07 | H54: 91.07 | I54: 91.07 | J54: 91.07 | K54: 91.07 | L54: 91.07 | M54: 91.07 | N54: 91.07 | O54: 91.07 | P54: 91.07 | Q54: 91.07 | R54: 91.07 | S54: =F54*0.845 -> 923.4498 | T54: kg | U54: (จำนวนเงินประจำตำแหน่ง/ราคาเชื้อเพลิงเฉลี่ย)
A55: Gasohol 95 รถยนต์ขนาดกลาง ขนาด 1600 cc (ประจำตำแหน่งผู้ช่วยผู้จัดการ) | B55: ใบรับจ่ายเงินประจำเดือน | C55: ปัณณรุจ ทองนพเก้า | D55: ฝ่ายบริหารทรัพยากรบุคคลและบริหารสำนักงานส่วนกลาง-HO | E55: Litre | F55: =SUM(G55:R55) -> 1003.32 | G55: 83.61 | H55: 83.61 | I55: 83.61 | J55: 83.61 | K55: 83.61 | L55: 83.61 | M55: 83.61 | N55: 83.61 | O55: 83.61 | P55: 83.61 | Q55: 83.61 | R55: 83.61 | S55: =F55*0.7535 -> 756.00162 | T55: kg | U55: (จำนวนเงินประจำตำแหน่ง/ราคาเชื้อเพลิงเฉลี่ย)
A56: Gasohol 95 รถยนต์ขนาดเล็ก ขนาด 1500 cc (ประจำตำแหน่งผู้ช่วยผู้จัดการ, 3กพ991, 6กศ5365, 3ขท8660) | B56: ใบรับจ่ายเงินประจำเดือน | C56: ปัณณรุจ ทองนพเก้า | D56: ฝ่ายบริหารทรัพยากรบุคคลและบริหารสำนักงานส่วนกลาง-HO | E56: Litre | F56: =SUM(G56:R56) -> 3009.96 | G56: =83.61+83.61+83.61 -> 250.83 | H56: =83.61+83.61+83.61 -> 250.83 | I56: =83.61+83.61+83.61 -> 250.83 | J56: =83.61+83.61+83.61 -> 250.83 | K56: =83.61+83.61+83.61 -> 250.83 | L56: =83.61+83.61+83.61 -> 250.83 | M56: 250.83 | N56: 250.83 | O56: 250.83 | P56: 250.83 | Q56: 250.83 | R56: 250.83 | S56: =F56*0.7535 -> 2268.0049 | T56: kg | U56: (จำนวนเงินประจำตำแหน่ง/ราคาเชื้อเพลิงเฉลี่ย)
A57: Gasohol 95 รถยนต์ขนาดใหญ่ ขนาด 2000 cc (ประจำตำแหน่งผู้ช่วยผู้จัดการ, 2กค1623) | B57: ใบรับจ่ายเงินประจำเดือน | C57: ปัณณรุจ ทองนพเก้า | D57: ฝ่ายบริหารทรัพยากรบุคคลและบริหารสำนักงานส่วนกลาง-HO | E57: Litre | F57: =SUM(G57:R57) -> 1433.49 | G57: 83.61 | H57: 83.61 | I57: 83.61 | J57: 83.61 | K57: 83.61 | L57: 83.61 | M57: 83.61 | N57: 83.61 | O57: 83.61 | P57: 227 | Q57: 227 | R57: 227 | S57: =F57*0.845 -> 1211.2991 | T57: kg | U57: (จำนวนเงินประจำตำแหน่ง/ราคาเชื้อเพลิงเฉลี่ย)
A58: Diesel B7 รถยนต์ขนาดใหญ่ ขนาด 2000 cc (ประจำตำแหน่งผู้ช่วยกรรมการสายงาน, 7กส9947) | B58: ใบรับจ่ายเงินประจำเดือน | C58: ปัณณรุจ ทองนพเก้า | D58: ฝ่ายบริหารทรัพยากรบุคคลและบริหารสำนักงานส่วนกลาง-HO | E58: Litre | F58: =SUM(G58:R58) -> 1457.1658 | G58: 121.43 | H58: 121.43 | I58: 121.43 | J58: 121.43 | K58: 121.43 | L58: 121.43 | M58: 121.43 | N58: 121.43 | O58: 121.43 | P58: 121.43291 | Q58: 121.43291 | R58: 121.43
A59: Diesel B7 รถยนต์ขนาดใหญ่ ขนาด 2000 cc (ประจำตำแหน่งฝ่ายขาย, กช5กข8079) | B59: ใบรับจ่ายเงินประจำเดือน | C59: ปัณณรุจ ทองนพเก้า | D59: ฝ่ายบริหารทรัพยากรบุคคลและบริหารสำนักงานส่วนกลาง-HO | E59: Litre | F59: =SUM(G59:R59) -> 969.77 | G59: 91.07 | H59: 0 | I59: 142.81 | J59: 149.61 | K59: 149.61 | L59: 151.55 | M59: 140.86 | N59: 144.26 | O59: 0 | P59: 0 | Q59: 0 | R59: 0 | S59: =F59*0.87 -> 843.6999 | T59: kg | U59: (จำนวนเงินประจำตำแหน่ง/ราคาเชื้อเพลิงเฉลี่ย)
A60: Gasohol 95 รถยนต์ขนาดเล็ก ขนาด 1500 cc (ประจำตำแหน่งฝ่ายขาย, กบ6320) | B60: ใบรับจ่ายเงินประจำเดือน | C60: ปัณณรุจ ทองนพเก้า | D60: ฝ่ายบริหารทรัพยากรบุคคลและบริหารสำนักงานส่วนกลาง-HO | E60: Litre | F60: =SUM(G60:R60) -> 837.69 | G60: 83.61 | H60: 0 | I60: 298.33 | J60: 117.5 | K60: 67.34 | L60: 98.55 | M60: 82.5 | N60: 89.86 | O60: 0 | P60: 0 | Q60: 0 | R60: 0 | S60: =F60*0.7411 -> 620.81206 | T60: kg | U60: (จำนวนเงินประจำตำแหน่ง/ราคาเชื้อเพลิงเฉลี่ย)
A61: Gasohol 91 รถจักรยานยนต์ (ประจำตำแหน่งคนส่งเอกสาร) | B61: ใบรับจ่ายเงินประจำเดือน | C61: ปัณณรุจ ทองนพเก้า | D61: ฝ่ายบริหารทรัพยากรบุคคลและบริหารสำนักงานส่วนกลาง-HO | E61: Litre | F61: =SUM(G61:R61) -> 5079.34 | G61: =108.42+121.09+97.16+71.81+71.81 -> 470.29 | H61: =136.58+121.09+109.83+76.03+76.03 -> 519.56 | I61: =78.85+56.32+76.6+42.24+42.24 -> 296.25 | J61: =90.12+78.85+109.83+67.59+67.59 -> 413.98 | K61: =84.48+84.48+84.48+84.48+84.48 -> 422.4 | L61: =84.48+84.48+84.48+84.48+84.48 -> 422.4 | M61: =84.48+84.48+84.48+84.48+84.48 -> 422.4 | N61: =84.48+84.48+84.48+84.48+84.48 -> 422.4 | O61: =84.48+84.48+84.48+84.48+84.48 -> 422.4 | P61: 422.42 | Q61: 422.42 | R61: 422.42 | S61: =F61*0.7411 -> 3764.2989 | T61: kg | U61: (จำนวนเงินประจำตำแหน่ง/ราคาเชื้อเพลิงเฉลี่ย)
A62: CAT7: การปล่อยก๊าซเรือนกระจกทางอ้อมจากการเดินทางของพนักงาน (Employee commuting)
A63: Diesel B7,B10,B20 | B63: แบบสำรวจการเดินทางของพนักงาน | C63: จิรภัทร ทิพย์จันทร์ | D63: ฝ่ายบริหารทรัพยากรบุคคลและบริหารสำนักงานส่วนกลาง-HO | E63: Lite | F63: 4668.82 | S63: =F63*0.845 -> 3945.1529 | T63: kg
A64: Gasohol 91 | B64: แบบสำรวจการเดินทางของพนักงาน | C64: จิรภัทร ทิพย์จันทร์ | D64: ฝ่ายบริหารทรัพยากรบุคคลและบริหารสำนักงานส่วนกลาง-HO | E64: Lite | F64: 1565.1 | S64: =F64*0.7411 -> 1159.8956 | T64: kg
A65: Gasohol 95 | B65: แบบสำรวจการเดินทางของพนักงาน | C65: จิรภัทร ทิพย์จันทร์ | D65: ฝ่ายบริหารทรัพยากรบุคคลและบริหารสำนักงานส่วนกลาง-HO | E65: Lite | F65: 15823.54 | S65: =F65*0.7535 -> 11923.037 | T65: kg
A66: Gasohol E20 | B66: แบบสำรวจการเดินทางของพนักงาน | C66: จิรภัทร ทิพย์จันทร์ | D66: ฝ่ายบริหารทรัพยากรบุคคลและบริหารสำนักงานส่วนกลาง-HO | E66: Lite | F66: 5713.37 | S66: =0.754*F66 -> 4307.881 | T66: kg
A67: Gasoline | B67: แบบสำรวจการเดินทางของพนักงาน | C67: จิรภัทร ทิพย์จันทร์ | D67: ฝ่ายบริหารทรัพยากรบุคคลและบริหารสำนักงานส่วนกลาง-HO | E67: Lite | F67: 5726.86 | S67: =0.879*F67 -> 5033.9099 | T67: kg
A68: LPG | B68: แบบสำรวจการเดินทางของพนักงาน | C68: จิรภัทร ทิพย์จันทร์ | D68: ฝ่ายบริหารทรัพยากรบุคคลและบริหารสำนักงานส่วนกลาง-HO | E68: kg | F68: 305.8
A69: CAT8:. การปล่อยก๊าซเรือนกระจกทางอ้อมจากการใช้สินทรัพย์ที่เช่า (Upstream leased assets)
A70: เครื่องถ่ายเอกสาร (หมึกปริ้น) | B70: n/a
A71: การเช่าไฟฟ้าจากโกดัง | B71: บิลไฟฟ้า | C71: ปัณณรุจ ทองนพเก้า | D71: ฝ่ายบริหารทรัพยากรบุคคลและบริหารสำนักงานส่วนกลาง-HO | E71: Kwh | F71: =SUM(G71:R71) -> 2110 | G71: 93 | H71: 134 | I71: 258 | J71: 225 | K71: 176 | L71: 220 | M71: 189 | N71: 227 | O71: 207 | P71: 162 | Q71: 127 | R71: 92
A72: การเช่าน้ำประปาจากโกดัง | B72: บิลน้ำประปา | C72: ปัณณรุจ ทองนพเก้า | D72: ฝ่ายบริหารทรัพยากรบุคคลและบริหารสำนักงานส่วนกลาง-HO | E72: Lite | F72: =SUM(G72:R72) -> 17 | G72: 8 | H72: 6 | I72: 3 | J72: 0 | K72: 0 | L72: 0 | M72: 0 | N72: 0 | O72: 0
A73: CAT9: การปล่อยก๊าซเรือนกระจกทางอ้อมจากการขนส่ง และกระจายสินค้า (Downstream transportation and distribution)
A74: n/a
A75: CAT10: การปล่อยก๊าซเรือนกระจกทางอ้อมจากการแปรรูปสินค้าที่องค์กรจำหน่าย (Processing of sold products)
A76: n/a
A77: CAT11: การปล่อยก๊าซเรือนกระจกทางอ้อมจากการใช้งานของผลิตภัณฑ์ที่องค์กรจำหน่าย (Use of sold products)
A78: n/a
A79: CAT12: การปล่อยก๊าซเรือนกระจกทางอ้อมจากการกำจัดซากผลิตภัณฑ์ที่องค์กรจำหน่าย (End-of-life treatment of sold products)
A80: n/a
A81: CAT13: การปล่อยก๊าซเรือนกระจกทางอ้อมจากการปล่อยเช่าสินทรัพย์ขององค์กร (Downstream leased assets)
A82: n/a
A83: CAT14: การปล่อยก๊าซเรือนกระจกทางอ้อมจากแฟรนไชส์ (Franchises)
A84: n/a
... A86: n/a
